participantId,format,task,startTime,endTime,duration_sec,difficulty,confidence
64457bc906c125cebd4bf66b,json5,writing-task-NL,1746559656954,1746559665762,8.808,1,7
64457bc906c125cebd4bf66b,json5,reading-task-tabular-1,1746560035266,1746560041262,5.996,4,4
64457bc906c125cebd4bf66b,json5,reading-task-tabular-2,1746560114063,1746560124630,10.567,4,3
64457bc906c125cebd4bf66b,json5,reading-task-tabular-3,1746560149554,1746560157039,7.485,5,3
64457bc906c125cebd4bf66b,json5,reading-task-tabular-4,1746560183791,1746560189177,5.386,3,5
64457bc906c125cebd4bf66b,json5,reading-task-tabular-5,1746560285964,1746560293926,7.962,6,2
64457bc906c125cebd4bf66b,json5,writing-task-tabular,1746561968651,1746561974364,5.713,7,1
64457bc906c125cebd4bf66b,json5,modifying-task-tabular-1,1746562131647,1746562139042,7.395,5,2
64457bc906c125cebd4bf66b,json5,modifying-task-tabular-2,1746562218785,1746562223827,5.042,4,3
64457bc906c125cebd4bf66b,json5,modifying-task-tabular-3,1746562287974,1746562292652,4.678,5,2
64457bc906c125cebd4bf66b,json5,modifying-task-tabular-4,1746562422154,1746562427556,5.402,5,1
6697c8b6d9d7baa7edd8c4d3,hjson,writing-task-NL,1745931539867,1745931548160,8.293,1,1
6697c8b6d9d7baa7edd8c4d3,hjson,reading-task-tabular-1,1745932085849,1745932093677,7.828,1,1
6697c8b6d9d7baa7edd8c4d3,hjson,reading-task-tabular-2,1745932180635,1745932198126,17.491,3,6
6697c8b6d9d7baa7edd8c4d3,hjson,reading-task-tabular-3,1745932225134,1745932235514,10.38,1,7
6697c8b6d9d7baa7edd8c4d3,hjson,reading-task-tabular-4,1745932265718,1745932275407,9.689,1,7
6697c8b6d9d7baa7edd8c4d3,hjson,reading-task-tabular-5,1745932558854,1745932567122,8.268,4,3
6697c8b6d9d7baa7edd8c4d3,hjson,writing-task-tabular,1745933142992,1745933151007,8.015,7,1
6697c8b6d9d7baa7edd8c4d3,hjson,modifying-task-tabular-1,1745933462867,1745933472446,9.579,2,6
6697c8b6d9d7baa7edd8c4d3,hjson,modifying-task-tabular-2,1745933563827,1745933569713,5.886,3,5
6697c8b6d9d7baa7edd8c4d3,hjson,modifying-task-tabular-3,1745933692166,1745933701589,9.423,5,1
6697c8b6d9d7baa7edd8c4d3,hjson,modifying-task-tabular-4,1745933938174,1745933947149,8.975,3,4
67e25388d573ec2d5f1c8442,yaml,writing-task-NL,1746144890121,1746144907381,17.26,1,7
67e25388d573ec2d5f1c8442,yaml,reading-task-tabular-1,1746146564398,1746146571705,7.307,5,7
67e25388d573ec2d5f1c8442,yaml,reading-task-tabular-2,1746146663927,1746146670766,6.839,3,6
67e25388d573ec2d5f1c8442,yaml,reading-task-tabular-3,1746146713034,1746146717695,4.661,3,6
67e25388d573ec2d5f1c8442,yaml,reading-task-tabular-4,1746146761902,1746146768044,6.142,1,7
67e25388d573ec2d5f1c8442,yaml,reading-task-tabular-5,1746146822148,1746146837724,15.576,1,7
67e25388d573ec2d5f1c8442,yaml,writing-task-tabular,1746147375175,1746147382735,7.56,6,4
67e25388d573ec2d5f1c8442,yaml,modifying-task-tabular-1,1746147671627,1746147676803,5.176,5,5
67e25388d573ec2d5f1c8442,yaml,modifying-task-tabular-2,1746147831377,1746147843643,12.266,1,7
67e25388d573ec2d5f1c8442,yaml,modifying-task-tabular-3,1746147988116,1746147992735,4.619,3,7
67e25388d573ec2d5f1c8442,yaml,modifying-task-tabular-4,1746148163149,1746148170106,6.957,5,6
67e5cf90b79d0874e1cf16b0,toml,writing-task-NL,1746144261356,1746144269566,8.21,1,7
67e5cf90b79d0874e1cf16b0,toml,reading-task-tabular-1,1746145134530,1746145142560,8.03,5,4
67e5cf90b79d0874e1cf16b0,toml,reading-task-tabular-2,1746145567352,1746145576327,8.975,5,4
67e5cf90b79d0874e1cf16b0,toml,reading-task-tabular-3,1746145611047,1746145614329,3.282,5,4
67e5cf90b79d0874e1cf16b0,toml,reading-task-tabular-4,1746145664264,1746145671818,7.554,6,4
67e5cf90b79d0874e1cf16b0,toml,reading-task-tabular-5,1746145742011,1746145745459,3.448,6,4
67e5cf90b79d0874e1cf16b0,toml,writing-task-tabular,1746146463369,1746146468523,5.154,7,2
67e5cf90b79d0874e1cf16b0,toml,modifying-task-tabular-1,1746146726735,1746146730097,3.362,2,7
67e5cf90b79d0874e1cf16b0,toml,modifying-task-tabular-2,1746146969600,1746146973550,3.95,2,7
67e5cf90b79d0874e1cf16b0,toml,modifying-task-tabular-3,1746147051259,1746147053673,2.414,1,7
67e5cf90b79d0874e1cf16b0,toml,modifying-task-tabular-4,1746147485320,1746147492022,6.702,6,2
67d00f24466a67ba7e41228e,toml,writing-task-NL,1745929416086,1745929423208,7.122,1,7
67d00f24466a67ba7e41228e,toml,reading-task-tabular-1,1745930169690,1745930176076,6.386,1,7
67d00f24466a67ba7e41228e,toml,reading-task-tabular-2,1745930322532,1745930326308,3.776,3,5
67d00f24466a67ba7e41228e,toml,reading-task-tabular-3,1745930380475,1745930384141,3.666,3,5
67d00f24466a67ba7e41228e,toml,reading-task-tabular-4,1745930487853,1745930492556,4.703,3,6
67d00f24466a67ba7e41228e,toml,reading-task-tabular-5,1745930597717,1745930601680,3.963,2,6
67d00f24466a67ba7e41228e,toml,writing-task-tabular,1745932343244,1745932368173,24.929,1,5
67d00f24466a67ba7e41228e,toml,modifying-task-tabular-1,1745932811405,1745932817943,6.538,2,5
67d00f24466a67ba7e41228e,toml,modifying-task-tabular-2,1745932945056,1745932952227,7.171,3,5
67d00f24466a67ba7e41228e,toml,modifying-task-tabular-3,1745933163978,1745933174261,10.283,2,6
67d00f24466a67ba7e41228e,toml,modifying-task-tabular-4,1745933360217,1745933364443,4.226,3,4
66475d6f7b27e4443ef0d031,json,writing-task-NL,1744921088905,1744921096148,7.243,1,7
66475d6f7b27e4443ef0d031,json,reading-task-tabular-1,1744921364984,1744921373147,8.163,2,7
66475d6f7b27e4443ef0d031,json,reading-task-tabular-2,1744921393144,1744921396826,3.682,1,7
66475d6f7b27e4443ef0d031,json,reading-task-tabular-3,1744921411432,1744921416509,5.077,1,7
66475d6f7b27e4443ef0d031,json,reading-task-tabular-4,1744921440209,1744921444408,4.199,1,7
66475d6f7b27e4443ef0d031,json,reading-task-tabular-5,1744921474346,1744921480268,5.922,1,7
66475d6f7b27e4443ef0d031,json,writing-task-tabular,1744921734430,1744921739506,5.076,7,1
66475d6f7b27e4443ef0d031,json,modifying-task-tabular-1,1744921825162,1744921831748,6.586,7,1
66475d6f7b27e4443ef0d031,json,modifying-task-tabular-2,1744921903924,1744921907948,4.024,1,7
66475d6f7b27e4443ef0d031,json,modifying-task-tabular-3,1744921958494,1744921963050,4.556,1,7
66475d6f7b27e4443ef0d031,json,modifying-task-tabular-4,1744922055188,1744922061724,6.536,1,5
6672d878f68b9e349b56e871,toml,writing-task-NL,1746143824331,1746143836385,12.054,1,5
6672d878f68b9e349b56e871,toml,reading-task-tabular-1,1746144349012,1746144358103,9.091,4,7
6672d878f68b9e349b56e871,toml,reading-task-tabular-2,1746144438865,1746144457558,18.693,1,7
6672d878f68b9e349b56e871,toml,reading-task-tabular-3,1746144570933,1746144580235,9.302,5,6
6672d878f68b9e349b56e871,toml,reading-task-tabular-4,1746144715339,1746144722326,6.987,4,5
6672d878f68b9e349b56e871,toml,reading-task-tabular-5,1746144850491,1746144856576,6.085,4,5
6672d878f68b9e349b56e871,toml,writing-task-tabular,1746145373987,1746145383924,9.937,7,1
6672d878f68b9e349b56e871,toml,modifying-task-tabular-1,1746145530879,1746145540347,9.468,6,2
6672d878f68b9e349b56e871,toml,modifying-task-tabular-2,1746145832157,1746145841034,8.877,5,5
6672d878f68b9e349b56e871,toml,modifying-task-tabular-3,1746145982636,1746145990336,7.7,1,7
6672d878f68b9e349b56e871,toml,modifying-task-tabular-4,1746146258921,1746146266693,7.772,6,1
67f5bb69760b211cdfe8021c,jsonc,writing-task-NL,1746149541853,1746149550234,8.381,3,5
67f5bb69760b211cdfe8021c,jsonc,reading-task-tabular-1,1746149859240,1746149866485,7.245,4,6
67f5bb69760b211cdfe8021c,jsonc,reading-task-tabular-2,1746149901352,1746149908565,7.213,4,5
67f5bb69760b211cdfe8021c,jsonc,reading-task-tabular-3,1746149934414,1746149942269,7.855,3,6
67f5bb69760b211cdfe8021c,jsonc,reading-task-tabular-4,1746149983549,1746149990633,7.084,3,5
67f5bb69760b211cdfe8021c,jsonc,reading-task-tabular-5,1746150041331,1746150047497,6.166,4,5
67f5bb69760b211cdfe8021c,jsonc,writing-task-tabular,1746150829840,1746150837555,7.715,6,4
67f5bb69760b211cdfe8021c,jsonc,modifying-task-tabular-1,1746151022268,1746151036148,13.88,5,5
67f5bb69760b211cdfe8021c,jsonc,modifying-task-tabular-2,1746151174171,1746151180085,5.914,5,6
67f5bb69760b211cdfe8021c,jsonc,modifying-task-tabular-3,1746151251020,1746151258957,7.937,4,6
67f5bb69760b211cdfe8021c,jsonc,modifying-task-tabular-4,1746151656409,1746151664535,8.126,6,4
67e571bef6af7ecd9c29ad72,json,writing-task-NL,1746143993965,1746144000612,6.647,1,7
67e571bef6af7ecd9c29ad72,json,reading-task-tabular-1,1746146454521,1746146462418,7.897,6,6
67e571bef6af7ecd9c29ad72,json,reading-task-tabular-2,1746146549678,1746146555032,5.354,6,4
67e571bef6af7ecd9c29ad72,json,reading-task-tabular-3,1746146618430,1746146623864,5.434,6,3
67e571bef6af7ecd9c29ad72,json,reading-task-tabular-4,1746146713241,1746146718975,5.734,3,6
67e571bef6af7ecd9c29ad72,json,reading-task-tabular-5,1746146818817,1746146822741,3.924,4,4
67e571bef6af7ecd9c29ad72,json,writing-task-tabular,1746147359191,1746147363503,4.312,7,6
67e571bef6af7ecd9c29ad72,json,modifying-task-tabular-1,1746147647644,1746147654147,6.503,7,2
67e571bef6af7ecd9c29ad72,json,modifying-task-tabular-2,1746147871784,1746147874481,2.697,7,1
67e571bef6af7ecd9c29ad72,json,modifying-task-tabular-3,1746147973490,1746147978055,4.565,5,5
67e571bef6af7ecd9c29ad72,json,modifying-task-tabular-4,1746148087305,1746148091903,4.598,6,5
60f1f1d4ac991a259b83f603,json,writing-task-NL,1746231439192,1746231451218,12.026,1,7
60f1f1d4ac991a259b83f603,json,reading-task-tabular-1,1746231860621,1746231868609,7.988,1,7
60f1f1d4ac991a259b83f603,json,reading-task-tabular-2,1746231959803,1746231969695,9.892,1,7
60f1f1d4ac991a259b83f603,json,reading-task-tabular-3,1746232018532,1746232029721,11.189,7,1
60f1f1d4ac991a259b83f603,json,reading-task-tabular-4,1746232075533,1746232084350,8.817,7,7
60f1f1d4ac991a259b83f603,json,reading-task-tabular-5,1746232133799,1746232142794,8.995,1,7
60f1f1d4ac991a259b83f603,json,writing-task-tabular,1746232547462,1746232558728,11.266,7,1
60f1f1d4ac991a259b83f603,json,modifying-task-tabular-1,1746232764223,1746232772277,8.054,1,7
60f1f1d4ac991a259b83f603,json,modifying-task-tabular-2,1746232995491,1746233003730,8.239,1,7
60f1f1d4ac991a259b83f603,json,modifying-task-tabular-3,1746233082393,1746233090091,7.698,4,4
60f1f1d4ac991a259b83f603,json,modifying-task-tabular-4,1746233266352,1746233273206,6.854,1,5
678f0bb28ec3307e4f1afb78,hjson,writing-task-NL,1746143827042,1746143839453,12.411,1,7
678f0bb28ec3307e4f1afb78,hjson,reading-task-tabular-1,1746144778197,1746144788665,10.468,1,7
678f0bb28ec3307e4f1afb78,hjson,reading-task-tabular-2,1746144826230,1746144831815,5.585,1,7
678f0bb28ec3307e4f1afb78,hjson,reading-task-tabular-3,1746144862511,1746144869119,6.608,1,7
678f0bb28ec3307e4f1afb78,hjson,reading-task-tabular-4,1746144950456,1746144955648,5.192,1,7
678f0bb28ec3307e4f1afb78,hjson,reading-task-tabular-5,1746144997729,1746145002400,4.671,1,7
678f0bb28ec3307e4f1afb78,hjson,writing-task-tabular,1746145881727,1746145897447,15.72,3,5
678f0bb28ec3307e4f1afb78,hjson,modifying-task-tabular-1,1746146051482,1746146055989,4.507,1,7
678f0bb28ec3307e4f1afb78,hjson,modifying-task-tabular-2,1746146251912,1746146256508,4.596,1,7
678f0bb28ec3307e4f1afb78,hjson,modifying-task-tabular-3,1746146336509,1746146341152,4.643,1,7
678f0bb28ec3307e4f1afb78,hjson,modifying-task-tabular-4,1746147093087,1746147104286,11.199,3,5
669b961e1c9cf30a26bb57d2,xml,writing-task-NL,1746231466079,1746231472114,6.035,1,7
669b961e1c9cf30a26bb57d2,xml,reading-task-tabular-1,1746231972041,1746231983701,11.66,6,5
669b961e1c9cf30a26bb57d2,xml,reading-task-tabular-2,1746232041753,1746232053208,11.455,6,5
669b961e1c9cf30a26bb57d2,xml,reading-task-tabular-3,1746232110128,1746232118877,8.749,7,2
669b961e1c9cf30a26bb57d2,xml,reading-task-tabular-4,1746232196624,1746232202858,6.234,6,7
669b961e1c9cf30a26bb57d2,xml,reading-task-tabular-5,1746232255761,1746232263592,7.831,7,2
669b961e1c9cf30a26bb57d2,xml,writing-task-tabular,1746232659100,1746232665455,6.355,7,1
669b961e1c9cf30a26bb57d2,xml,modifying-task-tabular-1,1746232882443,1746232888476,6.033,5,5
669b961e1c9cf30a26bb57d2,xml,modifying-task-tabular-2,1746232972636,1746232977587,4.951,3,6
669b961e1c9cf30a26bb57d2,xml,modifying-task-tabular-3,1746233072740,1746233081273,8.533,4,4
669b961e1c9cf30a26bb57d2,xml,modifying-task-tabular-4,1746233097331,1746233103855,6.524,7,1
673c13c9d37c8a73bc80b8ce,json,writing-task-NL,1746144768254,1746144784399,16.145,5,6
673c13c9d37c8a73bc80b8ce,json,reading-task-tabular-1,1746145494456,1746145507573,13.117,6,4
673c13c9d37c8a73bc80b8ce,json,reading-task-tabular-2,1746145581702,1746145596258,14.556,5,4
673c13c9d37c8a73bc80b8ce,json,reading-task-tabular-3,1746145648340,1746145657525,9.185,4,5
673c13c9d37c8a73bc80b8ce,json,reading-task-tabular-4,1746145715706,1746145721807,6.101,3,5
673c13c9d37c8a73bc80b8ce,json,reading-task-tabular-5,1746145818680,1746145824026,5.346,3,6
673c13c9d37c8a73bc80b8ce,json,writing-task-tabular,1746146956025,1746146968149,12.124,6,4
673c13c9d37c8a73bc80b8ce,json,modifying-task-tabular-1,1746147120006,1746147124846,4.84,5,4
673c13c9d37c8a73bc80b8ce,json,modifying-task-tabular-2,1746147367018,1746147378697,11.679,5,6
673c13c9d37c8a73bc80b8ce,json,modifying-task-tabular-3,1746147508341,1746147516896,8.555,6,5
673c13c9d37c8a73bc80b8ce,json,modifying-task-tabular-4,1746147980232,1746147992056,11.824,6,6
66992f58a7964f557fc75f58,toml,writing-task-NL,1744921070291,1744921076179,5.888,1,7
66992f58a7964f557fc75f58,toml,reading-task-tabular-1,1744921831563,1744921835127,3.564,1,7
66992f58a7964f557fc75f58,toml,reading-task-tabular-2,1744921851033,1744921853248,2.215,1,7
66992f58a7964f557fc75f58,toml,reading-task-tabular-3,1744923714737,1744923717353,2.616,1,7
66992f58a7964f557fc75f58,toml,reading-task-tabular-4,1744923757271,1744923759835,2.564,1,7
66992f58a7964f557fc75f58,toml,reading-task-tabular-5,1744924058444,1744924062532,4.088,3,4
66992f58a7964f557fc75f58,toml,writing-task-tabular,1744924255150,1744924259820,4.67,7,1
66992f58a7964f557fc75f58,toml,modifying-task-tabular-1,1744924328656,1744924333085,4.429,3,4
66992f58a7964f557fc75f58,toml,modifying-task-tabular-2,1744924382694,1744924385893,3.199,2,6
66992f58a7964f557fc75f58,toml,modifying-task-tabular-3,1744924414352,1744924418454,4.102,1,6
66992f58a7964f557fc75f58,toml,modifying-task-tabular-4,1744924480171,1744924482805,2.634,5,5
60721c2da01b3a616edba9a7,xml,writing-task-NL,1745929688002,1745929695298,7.296,1,7
60721c2da01b3a616edba9a7,xml,reading-task-tabular-1,1745930418650,1745930426464,7.814,2,4
60721c2da01b3a616edba9a7,xml,reading-task-tabular-2,1745930479231,1745930484272,5.041,4,7
60721c2da01b3a616edba9a7,xml,reading-task-tabular-3,1745930534196,1745930542758,8.562,6,4
60721c2da01b3a616edba9a7,xml,reading-task-tabular-4,1745930673966,1745930678560,4.594,1,7
60721c2da01b3a616edba9a7,xml,reading-task-tabular-5,1745930799169,1745930803701,4.532,1,7
60721c2da01b3a616edba9a7,xml,writing-task-tabular,1745931968307,1745931975288,6.981,7,4
60721c2da01b3a616edba9a7,xml,modifying-task-tabular-1,1745932649660,1745932655568,5.908,7,6
60721c2da01b3a616edba9a7,xml,modifying-task-tabular-2,1745932796691,1745932799173,2.482,5,5
60721c2da01b3a616edba9a7,xml,modifying-task-tabular-3,1745932969582,1745932972972,3.39,5,5
60721c2da01b3a616edba9a7,xml,modifying-task-tabular-4,1745933253362,1745933256660,3.298,7,5
673e43cc760355e9e4f042a3,json5,writing-task-NL,1746561651432,1746561660410,8.978,1,7
673e43cc760355e9e4f042a3,json5,reading-task-tabular-1,1746562954457,1746562960656,6.199,1,7
673e43cc760355e9e4f042a3,json5,reading-task-tabular-2,1746563031347,1746563035792,4.445,1,7
673e43cc760355e9e4f042a3,json5,reading-task-tabular-3,1746563094915,1746563098295,3.38,1,7
673e43cc760355e9e4f042a3,json5,reading-task-tabular-4,1746563139482,1746563144215,4.733,1,7
673e43cc760355e9e4f042a3,json5,reading-task-tabular-5,1746563201356,1746563204087,2.731,1,7
673e43cc760355e9e4f042a3,json5,writing-task-tabular,1746564089100,1746564098166,9.066,6,6
673e43cc760355e9e4f042a3,json5,modifying-task-tabular-1,1746564277343,1746564284621,7.278,3,6
673e43cc760355e9e4f042a3,json5,modifying-task-tabular-2,1746564325604,1746564329829,4.225,1,7
673e43cc760355e9e4f042a3,json5,modifying-task-tabular-3,1746564404221,1746564408221,4.0,1,7
673e43cc760355e9e4f042a3,json5,modifying-task-tabular-4,1746564838728,1746564843444,4.716,5,5
60a0b744298c64d46b63e893,hjson,writing-task-NL,1746521521139,1746521527089,5.95,1,7
60a0b744298c64d46b63e893,hjson,reading-task-tabular-1,1746521899762,1746521905253,5.491,1,6
60a0b744298c64d46b63e893,hjson,reading-task-tabular-2,1746522014046,1746522018159,4.113,4,4
60a0b744298c64d46b63e893,hjson,reading-task-tabular-3,1746522074792,1746522080762,5.97,5,7
60a0b744298c64d46b63e893,hjson,reading-task-tabular-4,1746522109869,1746522117428,7.559,1,7
60a0b744298c64d46b63e893,hjson,reading-task-tabular-5,1746522187922,1746522191770,3.848,1,7
60a0b744298c64d46b63e893,hjson,writing-task-tabular,1746522494421,1746522498682,4.261,7,1
60a0b744298c64d46b63e893,hjson,modifying-task-tabular-1,1746522638029,1746522641202,3.173,1,7
60a0b744298c64d46b63e893,hjson,modifying-task-tabular-2,1746522734524,1746522739149,4.625,1,7
60a0b744298c64d46b63e893,hjson,modifying-task-tabular-3,1746522912306,1746522915776,3.47,7,2
60a0b744298c64d46b63e893,hjson,modifying-task-tabular-4,1746523131167,1746523135619,4.452,7,1
67dc19c31078d1581e39e75a,yaml,writing-task-NL,1746143897434,1746143907301,9.867,1,7
67dc19c31078d1581e39e75a,yaml,reading-task-tabular-1,1746144302070,1746144309163,7.093,1,7
67dc19c31078d1581e39e75a,yaml,reading-task-tabular-2,1746144360184,1746144366702,6.518,2,6
67dc19c31078d1581e39e75a,yaml,reading-task-tabular-3,1746144397491,1746144402880,5.389,2,6
67dc19c31078d1581e39e75a,yaml,reading-task-tabular-4,1746144435918,1746144441369,5.451,1,7
67dc19c31078d1581e39e75a,yaml,reading-task-tabular-5,1746144487522,1746144493891,6.369,1,7
67dc19c31078d1581e39e75a,yaml,writing-task-tabular,1746145184103,1746145192937,8.834,3,5
67dc19c31078d1581e39e75a,yaml,modifying-task-tabular-1,1746145442207,1746145449008,6.801,1,7
67dc19c31078d1581e39e75a,yaml,modifying-task-tabular-2,1746145614917,1746145623954,9.037,1,7
67dc19c31078d1581e39e75a,yaml,modifying-task-tabular-3,1746145776435,1746145802128,25.693,1,7
67dc19c31078d1581e39e75a,yaml,modifying-task-tabular-4,1746146086453,1746146093112,6.659,3,4
678bad003d15e6aba1ee5a5d,jsonc,writing-task-NL,1746384793605,1746384801722,8.117,1,7
678bad003d15e6aba1ee5a5d,jsonc,reading-task-tabular-1,1746385279098,1746385285237,6.139,2,7
678bad003d15e6aba1ee5a5d,jsonc,reading-task-tabular-2,1746385348143,1746385354561,6.418,2,7
678bad003d15e6aba1ee5a5d,jsonc,reading-task-tabular-3,1746385419513,1746385423835,4.322,2,7
678bad003d15e6aba1ee5a5d,jsonc,reading-task-tabular-4,1746385494853,1746385499172,4.319,2,7
678bad003d15e6aba1ee5a5d,jsonc,reading-task-tabular-5,1746385613517,1746385619526,6.009,2,7
678bad003d15e6aba1ee5a5d,jsonc,writing-task-tabular,1746386347186,1746386352324,5.138,2,7
678bad003d15e6aba1ee5a5d,jsonc,modifying-task-tabular-1,1746386558383,1746386563668,5.285,2,7
678bad003d15e6aba1ee5a5d,jsonc,modifying-task-tabular-2,1746386827729,1746386833306,5.577,2,7
678bad003d15e6aba1ee5a5d,jsonc,modifying-task-tabular-3,1746386945881,1746386950656,4.775,2,7
678bad003d15e6aba1ee5a5d,jsonc,modifying-task-tabular-4,1746387363475,1746387368098,4.623,2,7
66cdfebcb908ea2717d06b6c,hjson,writing-task-NL,1746143638629,1746143649201,10.572,1,7
66cdfebcb908ea2717d06b6c,hjson,reading-task-tabular-1,1746144146600,1746144156044,9.444,3,6
66cdfebcb908ea2717d06b6c,hjson,reading-task-tabular-2,1746144183897,1746144191921,8.024,2,6
66cdfebcb908ea2717d06b6c,hjson,reading-task-tabular-3,1746144223491,1746144231517,8.026,3,6
66cdfebcb908ea2717d06b6c,hjson,reading-task-tabular-4,1746144270082,1746144275372,5.29,2,7
66cdfebcb908ea2717d06b6c,hjson,reading-task-tabular-5,1746144335026,1746144340161,5.135,2,6
66cdfebcb908ea2717d06b6c,hjson,writing-task-tabular,1746144858584,1746144871849,13.265,5,4
66cdfebcb908ea2717d06b6c,hjson,modifying-task-tabular-1,1746144967169,1746144974542,7.373,3,5
66cdfebcb908ea2717d06b6c,hjson,modifying-task-tabular-2,1746145036465,1746145041074,4.609,2,7
66cdfebcb908ea2717d06b6c,hjson,modifying-task-tabular-3,1746145120597,1746145124566,3.969,3,5
66cdfebcb908ea2717d06b6c,hjson,modifying-task-tabular-4,1746145387007,1746145397195,10.188,5,5
67f0c5d37f91ceae5cb3b318,jsonc,writing-task-NL,1746143952714,1746143968575,15.861,7,7
67f0c5d37f91ceae5cb3b318,jsonc,reading-task-tabular-1,1746144271168,1746144277151,5.983,7,7
67f0c5d37f91ceae5cb3b318,jsonc,reading-task-tabular-2,1746144325403,1746144343049,17.646,1,7
67f0c5d37f91ceae5cb3b318,jsonc,reading-task-tabular-3,1746144375486,1746144383628,8.142,1,7
67f0c5d37f91ceae5cb3b318,jsonc,reading-task-tabular-4,1746144526838,1746144533856,7.018,1,7
67f0c5d37f91ceae5cb3b318,jsonc,reading-task-tabular-5,1746144676318,1746144691417,15.099,1,7
67f0c5d37f91ceae5cb3b318,jsonc,writing-task-tabular,1746145534093,1746145540089,5.996,2,6
67f0c5d37f91ceae5cb3b318,jsonc,modifying-task-tabular-1,1746145679493,1746145684966,5.473,1,7
67f0c5d37f91ceae5cb3b318,jsonc,modifying-task-tabular-2,1746145793912,1746145799326,5.414,1,7
67f0c5d37f91ceae5cb3b318,jsonc,modifying-task-tabular-3,1746145886701,1746145891945,5.244,1,7
67f0c5d37f91ceae5cb3b318,jsonc,modifying-task-tabular-4,1746146099665,1746146104231,4.566,2,6
56cb8858edf8da000b6df354,hjson,writing-task-NL,1746391350840,1746391355504,4.664,1,7
56cb8858edf8da000b6df354,hjson,reading-task-tabular-1,1746391719382,1746391724167,4.785,1,7
56cb8858edf8da000b6df354,hjson,reading-task-tabular-2,1746391748756,1746391751445,2.689,1,7
56cb8858edf8da000b6df354,hjson,reading-task-tabular-3,1746391765664,1746391768699,3.035,1,7
56cb8858edf8da000b6df354,hjson,reading-task-tabular-4,1746391784486,1746391786883,2.397,1,7
56cb8858edf8da000b6df354,hjson,reading-task-tabular-5,1746391835377,1746391837852,2.475,1,7
56cb8858edf8da000b6df354,hjson,writing-task-tabular,1746392099310,1746392103240,3.93,4,3
56cb8858edf8da000b6df354,hjson,modifying-task-tabular-1,1746392200050,1746392204005,3.955,1,6
56cb8858edf8da000b6df354,hjson,modifying-task-tabular-2,1746392253950,1746392256859,2.909,1,7
56cb8858edf8da000b6df354,hjson,modifying-task-tabular-3,1746392304057,1746392306499,2.442,1,7
56cb8858edf8da000b6df354,hjson,modifying-task-tabular-4,1746392597865,1746392600898,3.033,3,7
67aee0dfad3492b61a9ba0eb,jsonc,writing-task-NL,1746149483725,1746149494259,10.534,1,7
67aee0dfad3492b61a9ba0eb,jsonc,reading-task-tabular-1,1746150154306,1746150160886,6.58,1,7
67aee0dfad3492b61a9ba0eb,jsonc,reading-task-tabular-2,1746150220544,1746150227277,6.733,1,7
67aee0dfad3492b61a9ba0eb,jsonc,reading-task-tabular-3,1746150265520,1746150270967,5.447,1,7
67aee0dfad3492b61a9ba0eb,jsonc,reading-task-tabular-4,1746150281775,1746150287350,5.575,1,7
67aee0dfad3492b61a9ba0eb,jsonc,reading-task-tabular-5,1746150328497,1746150333718,5.221,1,7
67aee0dfad3492b61a9ba0eb,jsonc,writing-task-tabular,1746151111334,1746151117020,5.686,5,6
67aee0dfad3492b61a9ba0eb,jsonc,modifying-task-tabular-1,1746151221399,1746151227200,5.801,1,7
67aee0dfad3492b61a9ba0eb,jsonc,modifying-task-tabular-2,1746151519645,1746151525435,5.79,3,6
67aee0dfad3492b61a9ba0eb,jsonc,modifying-task-tabular-3,1746151711900,1746151718204,6.304,1,7
67aee0dfad3492b61a9ba0eb,jsonc,modifying-task-tabular-4,1746151940339,1746151949606,9.267,1,7
667971a555af1f83d3f29ae7,hjson,writing-task-NL,1746494664007,1746494675708,11.701,2,6
667971a555af1f83d3f29ae7,hjson,reading-task-tabular-1,1746495093718,1746495100716,6.998,2,6
667971a555af1f83d3f29ae7,hjson,reading-task-tabular-2,1746495144639,1746495149365,4.726,2,6
667971a555af1f83d3f29ae7,hjson,reading-task-tabular-3,1746495184125,1746495187649,3.524,2,6
667971a555af1f83d3f29ae7,hjson,reading-task-tabular-4,1746495216889,1746495224086,7.197,2,7
667971a555af1f83d3f29ae7,hjson,reading-task-tabular-5,1746495303257,1746495306347,3.09,2,6
667971a555af1f83d3f29ae7,hjson,writing-task-tabular,1746495612003,1746495620869,8.866,3,5
667971a555af1f83d3f29ae7,hjson,modifying-task-tabular-1,1746495799692,1746495803688,3.996,3,6
667971a555af1f83d3f29ae7,hjson,modifying-task-tabular-2,1746495879577,1746495885474,5.897,2,6
667971a555af1f83d3f29ae7,hjson,modifying-task-tabular-3,1746496004190,1746496009209,5.019,3,6
667971a555af1f83d3f29ae7,hjson,modifying-task-tabular-4,1746496299818,1746496304923,5.105,3,5
5c6414540821d30001046198,hjson,writing-task-NL,1747340485541,1747340493949,8.408,2,6
5c6414540821d30001046198,hjson,reading-task-tabular-1,1747341502331,1747341515028,12.697,5,6
5c6414540821d30001046198,hjson,reading-task-tabular-2,1747341629427,1747341634541,5.114,2,6
5c6414540821d30001046198,hjson,reading-task-tabular-3,1747341671682,1747341678224,6.542,2,6
5c6414540821d30001046198,hjson,reading-task-tabular-4,1747341727145,1747341734335,7.19,1,7
5c6414540821d30001046198,hjson,reading-task-tabular-5,1747341834327,1747341842082,7.755,2,6
5c6414540821d30001046198,hjson,writing-task-tabular,1747343145873,1747343152554,6.681,7,1
5c6414540821d30001046198,hjson,modifying-task-tabular-1,1747343518111,1747343527025,8.914,5,1
5c6414540821d30001046198,hjson,modifying-task-tabular-2,1747343598565,1747343604088,5.523,2,6
5c6414540821d30001046198,hjson,modifying-task-tabular-3,1747343664775,1747343672412,7.637,2,5
5c6414540821d30001046198,hjson,modifying-task-tabular-4,1747344093004,1747344099213,6.209,3,6
6788c1c724c24dc56b08790a,json5,writing-task-NL,1746528024717,1746528030821,6.104,1,7
6788c1c724c24dc56b08790a,json5,reading-task-tabular-1,1746528921428,1746528928171,6.743,2,7
6788c1c724c24dc56b08790a,json5,reading-task-tabular-2,1746528983539,1746529043325,59.786,2,7
6788c1c724c24dc56b08790a,json5,reading-task-tabular-3,1746529090658,1746529096544,5.886,2,7
6788c1c724c24dc56b08790a,json5,reading-task-tabular-4,1746529140415,1746529143938,3.523,1,7
6788c1c724c24dc56b08790a,json5,reading-task-tabular-5,1746529206938,1746529214481,7.543,1,7
6788c1c724c24dc56b08790a,json5,writing-task-tabular,1746529980378,1746529992433,12.055,6,5
6788c1c724c24dc56b08790a,json5,modifying-task-tabular-1,1746530194197,1746530199186,4.989,2,7
6788c1c724c24dc56b08790a,json5,modifying-task-tabular-2,1746530369981,1746530374175,4.194,1,7
6788c1c724c24dc56b08790a,json5,modifying-task-tabular-3,1746530455640,1746530459565,3.925,1,7
6788c1c724c24dc56b08790a,json5,modifying-task-tabular-4,1746531060568,1746531068797,8.229,7,5
67adb520391eb17f214a50b4,yaml,writing-task-NL,1746144386523,1746144404008,17.485,3,6
67adb520391eb17f214a50b4,yaml,reading-task-tabular-1,1746145092245,1746145101382,9.137,1,7
67adb520391eb17f214a50b4,yaml,reading-task-tabular-2,1746145133371,1746145140738,7.367,1,7
67adb520391eb17f214a50b4,yaml,reading-task-tabular-3,1746145174848,1746145181649,6.801,1,7
67adb520391eb17f214a50b4,yaml,reading-task-tabular-4,1746145262451,1746145267910,5.459,1,7
67adb520391eb17f214a50b4,yaml,reading-task-tabular-5,1746145344272,1746145350552,6.28,2,6
67adb520391eb17f214a50b4,yaml,writing-task-tabular,1746146082028,1746146092851,10.823,3,6
67adb520391eb17f214a50b4,yaml,modifying-task-tabular-1,1746146492129,1746146498160,6.031,1,7
67adb520391eb17f214a50b4,yaml,modifying-task-tabular-2,1746146632921,1746146639335,6.414,1,7
67adb520391eb17f214a50b4,yaml,modifying-task-tabular-3,1746146931612,1746146939697,8.085,1,7
67adb520391eb17f214a50b4,yaml,modifying-task-tabular-4,1746147271404,1746147278512,7.108,2,6
67d95269b47464c18da766ca,xml,writing-task-NL,1746149014730,1746149032916,18.186,3,4
67d95269b47464c18da766ca,xml,reading-task-tabular-1,1746150002026,1746150016279,14.253,3,4
67d95269b47464c18da766ca,xml,reading-task-tabular-2,1746150168355,1746150175589,7.234,3,4
67d95269b47464c18da766ca,xml,reading-task-tabular-3,1746150263598,1746150271823,8.225,2,5
67d95269b47464c18da766ca,xml,reading-task-tabular-4,1746150380331,1746150386321,5.99,2,5
67d95269b47464c18da766ca,xml,reading-task-tabular-5,1746150476075,1746150481669,5.594,2,6
67d95269b47464c18da766ca,xml,writing-task-tabular,1746151603312,1746151616852,13.54,5,3
67d95269b47464c18da766ca,xml,modifying-task-tabular-1,1746152173397,1746152182361,8.964,6,2
67d95269b47464c18da766ca,xml,modifying-task-tabular-2,1746152419453,1746152429074,9.621,2,3
67d95269b47464c18da766ca,xml,modifying-task-tabular-3,1746152523625,1746152529155,5.53,3,5
67d95269b47464c18da766ca,xml,modifying-task-tabular-4,1746152689035,1746152697840,8.805,4,3
64275e53f51a5ed4f6b7d019,toml,writing-task-NL,1746144081517,1746144086483,4.966,1,7
64275e53f51a5ed4f6b7d019,toml,reading-task-tabular-1,1746144604003,1746144608707,4.704,1,7
64275e53f51a5ed4f6b7d019,toml,reading-task-tabular-2,1746144651175,1746144655680,4.505,1,7
64275e53f51a5ed4f6b7d019,toml,reading-task-tabular-3,1746144681714,1746144685512,3.798,1,7
64275e53f51a5ed4f6b7d019,toml,reading-task-tabular-4,1746144723848,1746144727299,3.451,1,7
64275e53f51a5ed4f6b7d019,toml,reading-task-tabular-5,1746144774254,1746144777035,2.781,1,7
64275e53f51a5ed4f6b7d019,toml,writing-task-tabular,1746145239613,1746145246171,6.558,3,5
64275e53f51a5ed4f6b7d019,toml,modifying-task-tabular-1,1746145354040,1746145357950,3.91,1,7
64275e53f51a5ed4f6b7d019,toml,modifying-task-tabular-2,1746145417879,1746145421373,3.494,1,7
64275e53f51a5ed4f6b7d019,toml,modifying-task-tabular-3,1746145470303,1746145474177,3.874,1,7
64275e53f51a5ed4f6b7d019,toml,modifying-task-tabular-4,1746145720853,1746145725002,4.149,7,1
6734346ca8e90c2da6fb4509,jsonc,writing-task-NL,1747334540438,1747334547881,7.443,1,1
6734346ca8e90c2da6fb4509,jsonc,reading-task-tabular-1,1747334927288,1747334932259,4.971,2,7
6734346ca8e90c2da6fb4509,jsonc,reading-task-tabular-2,1747334978303,1747334982483,4.18,1,7
6734346ca8e90c2da6fb4509,jsonc,reading-task-tabular-3,1747335033389,1747335041281,7.892,2,6
6734346ca8e90c2da6fb4509,jsonc,reading-task-tabular-4,1747335154381,1747335160959,6.578,4,7
6734346ca8e90c2da6fb4509,jsonc,reading-task-tabular-5,1747335261997,1747335267170,5.173,3,6
6734346ca8e90c2da6fb4509,jsonc,writing-task-tabular,1747336262156,1747336271490,9.334,5,6
6734346ca8e90c2da6fb4509,jsonc,modifying-task-tabular-1,1747336409383,1747336414223,4.84,3,6
6734346ca8e90c2da6fb4509,jsonc,modifying-task-tabular-2,1747336546177,1747336550730,4.553,3,7
6734346ca8e90c2da6fb4509,jsonc,modifying-task-tabular-3,1747336645386,1747336653854,8.468,2,6
6734346ca8e90c2da6fb4509,jsonc,modifying-task-tabular-4,1747337076423,1747337088369,11.946,7,7
66049694dfb8828a8f3dce70,yaml,writing-task-NL,1745929175540,1745929185225,9.685,1,7
66049694dfb8828a8f3dce70,yaml,reading-task-tabular-1,1745929822974,1745929836238,13.264,5,5
66049694dfb8828a8f3dce70,yaml,reading-task-tabular-2,1745929881686,1745929891603,9.917,2,6
66049694dfb8828a8f3dce70,yaml,reading-task-tabular-3,1745929925359,1745929931253,5.894,2,6
66049694dfb8828a8f3dce70,yaml,reading-task-tabular-4,1745929962164,1745929968531,6.367,1,7
66049694dfb8828a8f3dce70,yaml,reading-task-tabular-5,1745930058067,1745930067477,9.41,4,6
66049694dfb8828a8f3dce70,yaml,writing-task-tabular,1745930445229,1745930456668,11.439,5,5
66049694dfb8828a8f3dce70,yaml,modifying-task-tabular-1,1745930641227,1745930648628,7.401,4,5
66049694dfb8828a8f3dce70,yaml,modifying-task-tabular-2,1745930778976,1745930787663,8.687,6,6
66049694dfb8828a8f3dce70,yaml,modifying-task-tabular-3,1745930915578,1745930923498,7.92,4,5
66049694dfb8828a8f3dce70,yaml,modifying-task-tabular-4,1745931227838,1745931234728,6.89,5,4
67ab214c2cde1be7c45535ac,jsonc,writing-task-NL,1745932250472,1745932256736,6.264,1,7
67ab214c2cde1be7c45535ac,jsonc,reading-task-tabular-1,1745933189627,1745933200288,10.661,2,3
67ab214c2cde1be7c45535ac,jsonc,reading-task-tabular-2,1745933218571,1745933223394,4.823,1,5
67ab214c2cde1be7c45535ac,jsonc,reading-task-tabular-3,1745933235468,1745933241379,5.911,1,7
67ab214c2cde1be7c45535ac,jsonc,reading-task-tabular-4,1745933265074,1745933271880,6.806,2,5
67ab214c2cde1be7c45535ac,jsonc,reading-task-tabular-5,1745933318299,1745933324376,6.077,1,6
67ab214c2cde1be7c45535ac,jsonc,writing-task-tabular,1745933776442,1745933783831,7.389,7,1
67ab214c2cde1be7c45535ac,jsonc,modifying-task-tabular-1,1745933900831,1745933906689,5.858,4,3
67ab214c2cde1be7c45535ac,jsonc,modifying-task-tabular-2,1745933989769,1745934000338,10.569,4,5
67ab214c2cde1be7c45535ac,jsonc,modifying-task-tabular-3,1745934045675,1745934075669,29.994,2,2
67ab214c2cde1be7c45535ac,jsonc,modifying-task-tabular-4,1745934214768,1745934222567,7.799,4,4
607728dc0b4f8590b94ae57c,jsonc,writing-task-NL,1746383586873,1746383592957,6.084,1,7
607728dc0b4f8590b94ae57c,jsonc,reading-task-tabular-1,1746383876063,1746383880038,3.975,1,6
607728dc0b4f8590b94ae57c,jsonc,reading-task-tabular-2,1746383919566,1746383924178,4.612,2,6
607728dc0b4f8590b94ae57c,jsonc,reading-task-tabular-3,1746384175143,1746384178674,3.531,1,7
607728dc0b4f8590b94ae57c,jsonc,reading-task-tabular-4,1746384205300,1746384208069,2.769,1,7
607728dc0b4f8590b94ae57c,jsonc,reading-task-tabular-5,1746384274127,1746384276728,2.601,1,7
607728dc0b4f8590b94ae57c,jsonc,writing-task-tabular,1746384847599,1746384852560,4.961,5,4
607728dc0b4f8590b94ae57c,jsonc,modifying-task-tabular-1,1746385985318,1746385989576,4.258,2,6
607728dc0b4f8590b94ae57c,jsonc,modifying-task-tabular-2,1746386124644,1746386127076,2.432,1,7
607728dc0b4f8590b94ae57c,jsonc,modifying-task-tabular-3,1746386197988,1746386200656,2.668,1,7
607728dc0b4f8590b94ae57c,jsonc,modifying-task-tabular-4,1746386707026,1746386711367,4.341,5,3
667c18ace97ab6869cb1c50e,hjson,writing-task-NL,1746385044642,1746385050038,5.396,1,7
667c18ace97ab6869cb1c50e,hjson,reading-task-tabular-1,1746385614643,1746385618605,3.962,1,6
667c18ace97ab6869cb1c50e,hjson,reading-task-tabular-2,1746385676602,1746385682023,5.421,3,5
667c18ace97ab6869cb1c50e,hjson,reading-task-tabular-3,1746385720960,1746385724322,3.362,2,6
667c18ace97ab6869cb1c50e,hjson,reading-task-tabular-4,1746385745609,1746385748505,2.896,1,7
667c18ace97ab6869cb1c50e,hjson,reading-task-tabular-5,1746385786809,1746385793855,7.046,3,7
667c18ace97ab6869cb1c50e,hjson,writing-task-tabular,1746386334088,1746386340357,6.269,7,1
667c18ace97ab6869cb1c50e,hjson,modifying-task-tabular-1,1746386433015,1746386438272,5.257,3,5
667c18ace97ab6869cb1c50e,hjson,modifying-task-tabular-2,1746386517896,1746386522124,4.228,2,6
667c18ace97ab6869cb1c50e,hjson,modifying-task-tabular-3,1746386572384,1746386575791,3.407,3,6
667c18ace97ab6869cb1c50e,hjson,modifying-task-tabular-4,1746386858930,1746386861973,3.043,4,5
667ac09492ea0caadf488520,json,writing-task-NL,1746488436276,1746488445594,9.318,1,7
667ac09492ea0caadf488520,json,reading-task-tabular-1,1746489232124,1746489241450,9.326,3,5
667ac09492ea0caadf488520,json,reading-task-tabular-2,1746489385986,1746489399052,13.066,6,2
667ac09492ea0caadf488520,json,reading-task-tabular-3,1746489508608,1746489515172,6.564,4,4
667ac09492ea0caadf488520,json,reading-task-tabular-4,1746489548182,1746489560545,12.363,2,6
667ac09492ea0caadf488520,json,reading-task-tabular-5,1746489647129,1746489653101,5.972,4,4
667ac09492ea0caadf488520,json,writing-task-tabular,1746490256764,1746490265352,8.588,7,1
667ac09492ea0caadf488520,json,modifying-task-tabular-1,1746490461048,1746490469251,8.203,7,2
667ac09492ea0caadf488520,json,modifying-task-tabular-2,1746490640488,1746490648324,7.836,1,7
667ac09492ea0caadf488520,json,modifying-task-tabular-3,1746490808741,1746490815671,6.93,1,5
667ac09492ea0caadf488520,json,modifying-task-tabular-4,1746491131881,1746491138443,6.562,4,4
6740ae39809389d7da9de209,xml,writing-task-NL,1746143956234,1746143972832,16.598,3,6
6740ae39809389d7da9de209,xml,reading-task-tabular-1,1746144661279,1746144674508,13.229,5,5
6740ae39809389d7da9de209,xml,reading-task-tabular-2,1746144775599,1746144780859,5.26,5,6
6740ae39809389d7da9de209,xml,reading-task-tabular-3,1746144831195,1746144837821,6.626,6,5
6740ae39809389d7da9de209,xml,reading-task-tabular-4,1746144926767,1746144933247,6.48,5,7
6740ae39809389d7da9de209,xml,reading-task-tabular-5,1746145064249,1746145071978,7.729,5,5
6740ae39809389d7da9de209,xml,writing-task-tabular,1746145773349,1746145779999,6.65,7,5
6740ae39809389d7da9de209,xml,modifying-task-tabular-1,1746146148047,1746146155091,7.044,6,5
6740ae39809389d7da9de209,xml,modifying-task-tabular-2,1746146425885,1746146433331,7.446,4,6
6740ae39809389d7da9de209,xml,modifying-task-tabular-3,1746146870573,1746146883948,13.375,7,4
6740ae39809389d7da9de209,xml,modifying-task-tabular-4,1746147172419,1746147179414,6.995,7,1
67c246023b44ca64d40ae45a,json5,writing-task-NL,1745940086648,1745940102720,16.072,4,3
67c246023b44ca64d40ae45a,json5,reading-task-tabular-1,1745940519059,1745940532765,13.706,7,2
67c246023b44ca64d40ae45a,json5,reading-task-tabular-2,1745940564102,1745940568669,4.567,4,2
67c246023b44ca64d40ae45a,json5,reading-task-tabular-3,1745940724060,1745940731511,7.451,6,1
67c246023b44ca64d40ae45a,json5,reading-task-tabular-4,1745940830857,1745940836197,5.34,1,7
67c246023b44ca64d40ae45a,json5,reading-task-tabular-5,1745941033325,1745941039925,6.6,1,1
67c246023b44ca64d40ae45a,json5,writing-task-tabular,1745941516996,1745941524557,7.561,5,2
67c246023b44ca64d40ae45a,json5,modifying-task-tabular-1,1745941691638,1745941697967,6.329,7,1
67c246023b44ca64d40ae45a,json5,modifying-task-tabular-2,1745941721471,1745941727733,6.262,1,3
67c246023b44ca64d40ae45a,json5,modifying-task-tabular-3,1745941756928,1745941761509,4.581,1,7
67c246023b44ca64d40ae45a,json5,modifying-task-tabular-4,1745941942346,1745941947045,4.699,1,1
67debe02a893eea51e8d02f2,json,writing-task-NL,1745929313134,1745929321071,7.937,1,6
67debe02a893eea51e8d02f2,json,reading-task-tabular-1,1745930010616,1745930020439,9.823,5,4
67debe02a893eea51e8d02f2,json,reading-task-tabular-2,1745930061367,1745930068682,7.315,2,6
67debe02a893eea51e8d02f2,json,reading-task-tabular-3,1745930100450,1745930105923,5.473,2,7
67debe02a893eea51e8d02f2,json,reading-task-tabular-4,1745930141611,1745930148725,7.114,1,7
67debe02a893eea51e8d02f2,json,reading-task-tabular-5,1745930232571,1745930246968,14.397,1,6
67debe02a893eea51e8d02f2,json,writing-task-tabular,1745931210314,1745931218026,7.712,6,1
67debe02a893eea51e8d02f2,json,modifying-task-tabular-1,1745931396364,1745931403996,7.632,4,3
67debe02a893eea51e8d02f2,json,modifying-task-tabular-2,1745931498963,1745931505189,6.226,3,2
67debe02a893eea51e8d02f2,json,modifying-task-tabular-3,1745931613968,1745931619265,5.297,7,1
67debe02a893eea51e8d02f2,json,modifying-task-tabular-4,1745931800567,1745931821044,20.477,2,1
673d0377254c407e5da57f97,toml,writing-task-NL,1746384613538,1746384620482,6.944,2,7
673d0377254c407e5da57f97,toml,reading-task-tabular-1,1746385048358,1746385055760,7.402,4,6
673d0377254c407e5da57f97,toml,reading-task-tabular-2,1746385123045,1746385130943,7.898,3,6
673d0377254c407e5da57f97,toml,reading-task-tabular-3,1746385216951,1746385225782,8.831,4,5
673d0377254c407e5da57f97,toml,reading-task-tabular-4,1746385257086,1746385264404,7.318,2,7
673d0377254c407e5da57f97,toml,reading-task-tabular-5,1746385367690,1746385374401,6.711,4,7
673d0377254c407e5da57f97,toml,writing-task-tabular,1746386008405,1746386013155,4.75,3,7
673d0377254c407e5da57f97,toml,modifying-task-tabular-1,1746386168236,1746386172601,4.365,2,6
673d0377254c407e5da57f97,toml,modifying-task-tabular-2,1746386248109,1746386252248,4.139,2,6
673d0377254c407e5da57f97,toml,modifying-task-tabular-3,1746386282106,1746386286057,3.951,1,7
673d0377254c407e5da57f97,toml,modifying-task-tabular-4,1746386385440,1746386388991,3.551,2,6
62fd14d7b1e0729dc8aadb79,xml,writing-task-NL,1746487721628,1746487726445,4.817,1,7
62fd14d7b1e0729dc8aadb79,xml,reading-task-tabular-1,1746488026706,1746488030880,4.174,1,7
62fd14d7b1e0729dc8aadb79,xml,reading-task-tabular-2,1746488081782,1746488084866,3.084,1,7
62fd14d7b1e0729dc8aadb79,xml,reading-task-tabular-3,1746488101043,1746488104062,3.019,1,7
62fd14d7b1e0729dc8aadb79,xml,reading-task-tabular-4,1746488133380,1746488136913,3.533,1,7
62fd14d7b1e0729dc8aadb79,xml,reading-task-tabular-5,1746488205770,1746488208792,3.022,1,7
62fd14d7b1e0729dc8aadb79,xml,writing-task-tabular,1746489065649,1746489073383,7.734,5,3
62fd14d7b1e0729dc8aadb79,xml,modifying-task-tabular-1,1746489214668,1746489221053,6.385,1,7
62fd14d7b1e0729dc8aadb79,xml,modifying-task-tabular-2,1746489291025,1746489295209,4.184,1,7
62fd14d7b1e0729dc8aadb79,xml,modifying-task-tabular-3,1746489389046,1746489393477,4.431,1,7
62fd14d7b1e0729dc8aadb79,xml,modifying-task-tabular-4,1746489651010,1746489655510,4.5,4,3
5dafea4de40355001651fa2f,jsonc,writing-task-NL,1745929205148,1745929217209,12.061,4,6
5dafea4de40355001651fa2f,jsonc,reading-task-tabular-1,1745929492140,1745929500417,8.277,6,5
5dafea4de40355001651fa2f,jsonc,reading-task-tabular-2,1745929544683,1745929553565,8.882,4,5
5dafea4de40355001651fa2f,jsonc,reading-task-tabular-3,1745929597498,1745929615134,17.636,5,3
5dafea4de40355001651fa2f,jsonc,reading-task-tabular-4,1745929671667,1745929677120,5.453,3,5
5dafea4de40355001651fa2f,jsonc,reading-task-tabular-5,1745929737892,1745929746007,8.115,6,2
5dafea4de40355001651fa2f,jsonc,writing-task-tabular,1745930445931,1745930452573,6.642,7,1
5dafea4de40355001651fa2f,jsonc,modifying-task-tabular-1,1745930642721,1745930648266,5.545,6,2
5dafea4de40355001651fa2f,jsonc,modifying-task-tabular-2,1745930745265,1745930750407,5.142,6,1
5dafea4de40355001651fa2f,jsonc,modifying-task-tabular-3,1745930824329,1745930829333,5.004,2,5
5dafea4de40355001651fa2f,jsonc,modifying-task-tabular-4,1745930954976,1745930960319,5.343,6,1
6787e4bd2bf9557a90208f03,yaml,writing-task-NL,1746386618643,1746386635002,16.359,2,2
6787e4bd2bf9557a90208f03,yaml,reading-task-tabular-1,1746387355569,1746387370790,15.221,4,5
6787e4bd2bf9557a90208f03,yaml,reading-task-tabular-2,1746387425008,1746387432897,7.889,4,4
6787e4bd2bf9557a90208f03,yaml,reading-task-tabular-3,1746387483622,1746387489033,5.411,4,4
6787e4bd2bf9557a90208f03,yaml,reading-task-tabular-4,1746387536562,1746387544304,7.742,2,6
6787e4bd2bf9557a90208f03,yaml,reading-task-tabular-5,1746387685940,1746387694743,8.803,5,3
6787e4bd2bf9557a90208f03,yaml,writing-task-tabular,1746388238120,1746388246469,8.349,5,5
6787e4bd2bf9557a90208f03,yaml,modifying-task-tabular-1,1746388535308,1746388545729,10.421,7,1
6787e4bd2bf9557a90208f03,yaml,modifying-task-tabular-2,1746388627233,1746388636991,9.758,5,4
6787e4bd2bf9557a90208f03,yaml,modifying-task-tabular-3,1746388833520,1746388841859,8.339,3,5
6787e4bd2bf9557a90208f03,yaml,modifying-task-tabular-4,1746389018881,1746389027487,8.606,4,4
5e8a5a892f6f027054a83d88,toml,writing-task-NL,1746383956813,1746383964481,7.668,1,7
5e8a5a892f6f027054a83d88,toml,reading-task-tabular-1,1746384260577,1746384265303,4.726,1,7
5e8a5a892f6f027054a83d88,toml,reading-task-tabular-2,1746384311467,1746384315448,3.981,1,7
5e8a5a892f6f027054a83d88,toml,reading-task-tabular-3,1746384358916,1746384361849,2.933,1,7
5e8a5a892f6f027054a83d88,toml,reading-task-tabular-4,1746384386399,1746384389059,2.66,1,7
5e8a5a892f6f027054a83d88,toml,reading-task-tabular-5,1746384437751,1746384441698,3.947,1,7
5e8a5a892f6f027054a83d88,toml,writing-task-tabular,1746384819806,1746384825731,5.925,3,6
5e8a5a892f6f027054a83d88,toml,modifying-task-tabular-1,1746384963858,1746384968627,4.769,1,4
5e8a5a892f6f027054a83d88,toml,modifying-task-tabular-2,1746385066885,1746385069815,2.93,1,7
5e8a5a892f6f027054a83d88,toml,modifying-task-tabular-3,1746385175446,1746385178214,2.768,1,4
5e8a5a892f6f027054a83d88,toml,modifying-task-tabular-4,1746386297395,1746386302709,5.314,5,1
67e4920c40c9561040ca01d0,xml,writing-task-NL,1745929322884,1745929343971,21.087,2,7
67e4920c40c9561040ca01d0,xml,reading-task-tabular-1,1745930092402,1745930103869,11.467,3,5
67e4920c40c9561040ca01d0,xml,reading-task-tabular-2,1745930182731,1745930190908,8.177,3,5
67e4920c40c9561040ca01d0,xml,reading-task-tabular-3,1745930239451,1745930252003,12.552,4,5
67e4920c40c9561040ca01d0,xml,reading-task-tabular-4,1745930318891,1745930325152,6.261,2,6
67e4920c40c9561040ca01d0,xml,reading-task-tabular-5,1745930361963,1745930367362,5.399,2,6
67e4920c40c9561040ca01d0,xml,writing-task-tabular,1745931021710,1745931031138,9.428,6,6
67e4920c40c9561040ca01d0,xml,modifying-task-tabular-1,1745931196268,1745931211136,14.868,7,1
67e4920c40c9561040ca01d0,xml,modifying-task-tabular-2,1745931264802,1745931275516,10.714,7,1
67e4920c40c9561040ca01d0,xml,modifying-task-tabular-3,1745931457040,1745931464236,7.196,2,6
67e4920c40c9561040ca01d0,xml,modifying-task-tabular-4,1745931484788,1745931493148,8.36,5,5
615200d54efc832849db2259,json,writing-task-NL,1746383768787,1746383831500,62.713,1,7
615200d54efc832849db2259,json,reading-task-tabular-1,1746384769361,1746384796758,27.397,2,6
615200d54efc832849db2259,json,reading-task-tabular-2,1746384857034,1746384865313,8.279,1,7
615200d54efc832849db2259,json,reading-task-tabular-3,1746384952628,1746384959015,6.387,3,5
615200d54efc832849db2259,json,reading-task-tabular-4,1746384993566,1746384998289,4.723,1,7
615200d54efc832849db2259,json,reading-task-tabular-5,1746385104642,1746385108712,4.07,1,7
615200d54efc832849db2259,json,writing-task-tabular,1746386313719,1746386330082,16.363,6,3
615200d54efc832849db2259,json,modifying-task-tabular-1,1746386823016,1746386829025,6.009,5,3
615200d54efc832849db2259,json,modifying-task-tabular-2,1746387017980,1746387027669,9.689,3,5
615200d54efc832849db2259,json,modifying-task-tabular-3,1746387142093,1746387149944,7.851,2,6
615200d54efc832849db2259,json,modifying-task-tabular-4,1746388099761,1746388107090,7.329,5,4
67f184a3b82990251abd1592,yaml,writing-task-NL,1746383907361,1746383914874,7.513,1,7
67f184a3b82990251abd1592,yaml,reading-task-tabular-1,1746384627426,1746384636714,9.288,2,7
67f184a3b82990251abd1592,yaml,reading-task-tabular-2,1746384768651,1746384776383,7.732,2,6
67f184a3b82990251abd1592,yaml,reading-task-tabular-3,1746385004059,1746385015180,11.121,1,7
67f184a3b82990251abd1592,yaml,reading-task-tabular-4,1746385062445,1746385068668,6.223,1,7
67f184a3b82990251abd1592,yaml,reading-task-tabular-5,1746385112921,1746385119781,6.86,1,7
67f184a3b82990251abd1592,yaml,writing-task-tabular,1746386266589,1746386278604,12.015,4,4
67f184a3b82990251abd1592,yaml,modifying-task-tabular-1,1746386523795,1746386530700,6.905,5,6
67f184a3b82990251abd1592,yaml,modifying-task-tabular-2,1746386689612,1746386696652,7.04,1,7
67f184a3b82990251abd1592,yaml,modifying-task-tabular-3,1746386891451,1746386899249,7.798,1,5
67f184a3b82990251abd1592,yaml,modifying-task-tabular-4,1746387672592,1746387679365,6.773,6,5
67bf88cc763aae600b429a3e,toml,writing-task-NL,1746150186800,1746150210933,24.133,3,6
67bf88cc763aae600b429a3e,toml,reading-task-tabular-1,1746150822686,1746150832817,10.131,3,5
67bf88cc763aae600b429a3e,toml,reading-task-tabular-2,1746150916905,1746150931483,14.578,1,7
67bf88cc763aae600b429a3e,toml,reading-task-tabular-3,1746151010400,1746151015810,5.41,4,5
67bf88cc763aae600b429a3e,toml,reading-task-tabular-4,1746151088064,1746151093014,4.95,1,7
67bf88cc763aae600b429a3e,toml,reading-task-tabular-5,1746151278635,1746151283944,5.309,5,4
67bf88cc763aae600b429a3e,toml,writing-task-tabular,1746151715149,1746151720480,5.331,7,1
67bf88cc763aae600b429a3e,toml,modifying-task-tabular-1,1746151859419,1746151869410,9.991,7,2
67bf88cc763aae600b429a3e,toml,modifying-task-tabular-2,1746152069933,1746152074492,4.559,1,7
67bf88cc763aae600b429a3e,toml,modifying-task-tabular-3,1746152136808,1746152142775,5.967,1,7
67bf88cc763aae600b429a3e,toml,modifying-task-tabular-4,1746152400911,1746152405825,4.914,1,7
67a754a5c8614c52a939d87b,hjson,writing-task-NL,1746149658932,1746149667095,8.163,2,3
67a754a5c8614c52a939d87b,hjson,reading-task-tabular-1,1746150095389,1746150103645,8.256,2,3
67a754a5c8614c52a939d87b,hjson,reading-task-tabular-2,1746150202851,1746150209181,6.33,2,2
67a754a5c8614c52a939d87b,hjson,reading-task-tabular-3,1746150240690,1746150250292,9.602,2,3
67a754a5c8614c52a939d87b,hjson,reading-task-tabular-4,1746150356434,1746150361254,4.82,1,1
67a754a5c8614c52a939d87b,hjson,reading-task-tabular-5,1746150404880,1746150408819,3.939,1,1
67a754a5c8614c52a939d87b,hjson,writing-task-tabular,1746151530542,1746151536026,5.484,4,5
67a754a5c8614c52a939d87b,hjson,modifying-task-tabular-1,1746151824329,1746151831039,6.71,4,4
67a754a5c8614c52a939d87b,hjson,modifying-task-tabular-2,1746152002178,1746152011374,9.196,7,3
67a754a5c8614c52a939d87b,hjson,modifying-task-tabular-3,1746152406537,1746152413835,7.298,7,2
67a754a5c8614c52a939d87b,hjson,modifying-task-tabular-4,1746153148587,1746153154765,6.178,7,1
60fce3df91350150e2e88423,yaml,writing-task-NL,1744920865438,1744920897120,31.682,3,5
60fce3df91350150e2e88423,yaml,reading-task-tabular-1,1744921115936,1744921121339,5.403,1,7
60fce3df91350150e2e88423,yaml,reading-task-tabular-2,1744921147639,1744921153608,5.969,1,7
60fce3df91350150e2e88423,yaml,reading-task-tabular-3,1744921169307,1744921173967,4.66,1,6
60fce3df91350150e2e88423,yaml,reading-task-tabular-4,1744921201464,1744921206540,5.076,1,7
60fce3df91350150e2e88423,yaml,reading-task-tabular-5,1744921262198,1744921267137,4.939,1,6
60fce3df91350150e2e88423,yaml,writing-task-tabular,1744921443885,1744921450031,6.146,5,3
60fce3df91350150e2e88423,yaml,modifying-task-tabular-1,1744921570132,1744921575209,5.077,6,2
60fce3df91350150e2e88423,yaml,modifying-task-tabular-2,1744921640476,1744921644800,4.324,4,5
60fce3df91350150e2e88423,yaml,modifying-task-tabular-3,1744921732526,1744921737792,5.266,6,3
60fce3df91350150e2e88423,yaml,modifying-task-tabular-4,1744921889529,1744921894420,4.891,5,2
67d29234dbfdb6668d124115,yaml,writing-task-NL,1746149249828,1746149258188,8.36,3,6
67d29234dbfdb6668d124115,yaml,reading-task-tabular-1,1746149727632,1746149736756,9.124,4,6
67d29234dbfdb6668d124115,yaml,reading-task-tabular-2,1746149804376,1746149809975,5.599,4,6
67d29234dbfdb6668d124115,yaml,reading-task-tabular-3,1746149893777,1746149905326,11.549,5,4
67d29234dbfdb6668d124115,yaml,reading-task-tabular-4,1746149955558,1746149961755,6.197,3,6
67d29234dbfdb6668d124115,yaml,reading-task-tabular-5,1746150056970,1746150063505,6.535,6,2
67d29234dbfdb6668d124115,yaml,writing-task-tabular,1746150661578,1746150670926,9.348,6,2
67d29234dbfdb6668d124115,yaml,modifying-task-tabular-1,1746150818070,1746150823765,5.695,3,6
67d29234dbfdb6668d124115,yaml,modifying-task-tabular-2,1746151034626,1746151043022,8.396,4,4
67d29234dbfdb6668d124115,yaml,modifying-task-tabular-3,1746151216562,1746151225322,8.76,6,2
67d29234dbfdb6668d124115,yaml,modifying-task-tabular-4,1746151494341,1746151499473,5.132,7,1
65cf6d8a589a67afcab54e6f,hjson,writing-task-NL,1746383645808,1746383655355,9.547,1,7
65cf6d8a589a67afcab54e6f,hjson,reading-task-tabular-1,1746384118087,1746384123278,5.191,1,7
65cf6d8a589a67afcab54e6f,hjson,reading-task-tabular-2,1746384164352,1746384168434,4.082,1,7
65cf6d8a589a67afcab54e6f,hjson,reading-task-tabular-3,1746384247085,1746384250823,3.738,1,6
65cf6d8a589a67afcab54e6f,hjson,reading-task-tabular-4,1746384272546,1746384276382,3.836,1,7
65cf6d8a589a67afcab54e6f,hjson,reading-task-tabular-5,1746384324057,1746384326712,2.655,1,7
65cf6d8a589a67afcab54e6f,hjson,writing-task-tabular,1746384622228,1746384630469,8.241,1,7
65cf6d8a589a67afcab54e6f,hjson,modifying-task-tabular-1,1746384729582,1746384732435,2.853,1,7
65cf6d8a589a67afcab54e6f,hjson,modifying-task-tabular-2,1746384855547,1746384858128,2.581,1,7
65cf6d8a589a67afcab54e6f,hjson,modifying-task-tabular-3,1746384940832,1746384944936,4.104,1,7
65cf6d8a589a67afcab54e6f,hjson,modifying-task-tabular-4,1746385308545,1746385314532,5.987,1,7
672d98919cc177d28c204e76,json5,writing-task-NL,1744920731861,1744920739497,7.636,1,7
672d98919cc177d28c204e76,json5,reading-task-tabular-1,1744921210396,1744921223336,12.94,2,6
672d98919cc177d28c204e76,json5,reading-task-tabular-2,1744921317409,1744921328944,11.535,5,3
672d98919cc177d28c204e76,json5,reading-task-tabular-3,1744921379819,1744921385992,6.173,2,6
672d98919cc177d28c204e76,json5,reading-task-tabular-4,1744921411469,1744921416136,4.667,2,6
672d98919cc177d28c204e76,json5,reading-task-tabular-5,1744921476433,1744921481720,5.287,2,6
672d98919cc177d28c204e76,json5,writing-task-tabular,1744922400824,1744922409823,8.999,7,3
672d98919cc177d28c204e76,json5,modifying-task-tabular-1,1744922587575,1744922595759,8.184,2,5
672d98919cc177d28c204e76,json5,modifying-task-tabular-2,1744922691775,1744922700567,8.792,2,5
672d98919cc177d28c204e76,json5,modifying-task-tabular-3,1744922816211,1744922824271,8.06,3,5
672d98919cc177d28c204e76,json5,modifying-task-tabular-4,1744923353947,1744923363086,9.139,6,2
66b0d065329001a04e5ae671,json,writing-task-NL,1746521930810,1746521942711,11.901,2,6
66b0d065329001a04e5ae671,json,reading-task-tabular-1,1746522991022,1746522998807,7.785,1,7
66b0d065329001a04e5ae671,json,reading-task-tabular-2,1746523056531,1746523058860,2.329,1,7
66b0d065329001a04e5ae671,json,reading-task-tabular-3,1746523106933,1746523110196,3.263,2,6
66b0d065329001a04e5ae671,json,reading-task-tabular-4,1746523195732,1746523198445,2.713,1,7
66b0d065329001a04e5ae671,json,reading-task-tabular-5,1746523377968,1746523380781,2.813,2,5
66b0d065329001a04e5ae671,json,writing-task-tabular,1746525028256,1746525033346,5.09,4,4
66b0d065329001a04e5ae671,json,modifying-task-tabular-1,1746525835750,1746525842040,6.29,7,1
66b0d065329001a04e5ae671,json,modifying-task-tabular-2,1746525931793,1746525934601,2.808,1,7
66b0d065329001a04e5ae671,json,modifying-task-tabular-3,1746525995025,1746525998848,3.823,2,6
66b0d065329001a04e5ae671,json,modifying-task-tabular-4,1746526234920,1746526237874,2.954,3,4
67f1a4f8dd44e7cd5adffa29,json5,writing-task-NL,1746387183136,1746387197314,14.178,3,7
67f1a4f8dd44e7cd5adffa29,json5,reading-task-tabular-1,1746388233541,1746388245450,11.909,5,7
67f1a4f8dd44e7cd5adffa29,json5,reading-task-tabular-2,1746388456587,1746388466730,10.143,4,7
67f1a4f8dd44e7cd5adffa29,json5,reading-task-tabular-3,1746388634847,1746388640418,5.571,6,7
67f1a4f8dd44e7cd5adffa29,json5,reading-task-tabular-4,1746388696068,1746388702002,5.934,6,6
67f1a4f8dd44e7cd5adffa29,json5,reading-task-tabular-5,1746388995959,1746389005282,9.323,6,5
67f1a4f8dd44e7cd5adffa29,json5,writing-task-tabular,1746389786542,1746389797345,10.803,7,7
67f1a4f8dd44e7cd5adffa29,json5,modifying-task-tabular-1,1746390207307,1746390216201,8.894,7,7
67f1a4f8dd44e7cd5adffa29,json5,modifying-task-tabular-2,1746390251942,1746390256305,4.363,7,6
67f1a4f8dd44e7cd5adffa29,json5,modifying-task-tabular-3,1746390260374,1746390265049,4.675,7,7
67f1a4f8dd44e7cd5adffa29,json5,modifying-task-tabular-4,1746390268684,1746390274169,5.485,6,7
5e3b5fa9255e7a37bc841135,json,writing-task-NL,1746390318894,1746390329523,10.629,1,1
5e3b5fa9255e7a37bc841135,json,reading-task-tabular-1,1746391194801,1746391202539,7.738,1,7
5e3b5fa9255e7a37bc841135,json,reading-task-tabular-2,1746391255278,1746391262331,7.053,1,7
5e3b5fa9255e7a37bc841135,json,reading-task-tabular-3,1746391284504,1746391292638,8.134,1,7
5e3b5fa9255e7a37bc841135,json,reading-task-tabular-4,1746391313614,1746391318856,5.242,1,6
5e3b5fa9255e7a37bc841135,json,reading-task-tabular-5,1746391382886,1746391388364,5.478,1,7
5e3b5fa9255e7a37bc841135,json,writing-task-tabular,1746392334818,1746392346452,11.634,6,2
5e3b5fa9255e7a37bc841135,json,modifying-task-tabular-1,1746392512293,1746392521220,8.927,2,4
5e3b5fa9255e7a37bc841135,json,modifying-task-tabular-2,1746392627400,1746392635795,8.395,2,5
5e3b5fa9255e7a37bc841135,json,modifying-task-tabular-3,1746392739821,1746392749942,10.121,2,2
5e3b5fa9255e7a37bc841135,json,modifying-task-tabular-4,1746393648925,1746393658461,9.536,4,1
677c52fe648cd68583dd3b1e,xml,writing-task-NL,1746143807799,1746143819920,12.121,2,4
677c52fe648cd68583dd3b1e,xml,reading-task-tabular-1,1746144333006,1746144339727,6.721,2,4
677c52fe648cd68583dd3b1e,xml,reading-task-tabular-2,1746144495008,1746144502980,7.972,2,4
677c52fe648cd68583dd3b1e,xml,reading-task-tabular-3,1746144585150,1746144596926,11.776,5,3
677c52fe648cd68583dd3b1e,xml,reading-task-tabular-4,1746144664625,1746144671039,6.414,1,7
677c52fe648cd68583dd3b1e,xml,reading-task-tabular-5,1746144745303,1746144751095,5.792,1,7
677c52fe648cd68583dd3b1e,xml,writing-task-tabular,1746146205720,1746146211700,5.98,4,7
677c52fe648cd68583dd3b1e,xml,modifying-task-tabular-1,1746146500096,1746146506743,6.647,2,4
677c52fe648cd68583dd3b1e,xml,modifying-task-tabular-2,1746146734960,1746146741170,6.21,6,2
677c52fe648cd68583dd3b1e,xml,modifying-task-tabular-3,1746147015422,1746147022094,6.672,4,4
677c52fe648cd68583dd3b1e,xml,modifying-task-tabular-4,1746147700097,1746147706692,6.595,6,2
5d30dfa68b1523000134878f,json,writing-task-NL,1745929003473,1745929011263,7.79,1,7
5d30dfa68b1523000134878f,json,reading-task-tabular-1,1745929663613,1745929668415,4.802,1,7
5d30dfa68b1523000134878f,json,reading-task-tabular-2,1745929735483,1745929739410,3.927,1,7
5d30dfa68b1523000134878f,json,reading-task-tabular-3,1745929765648,1745929768580,2.932,1,7
5d30dfa68b1523000134878f,json,reading-task-tabular-4,1745929812350,1745929814745,2.395,1,7
5d30dfa68b1523000134878f,json,reading-task-tabular-5,1745929859709,1745929863283,3.574,1,7
5d30dfa68b1523000134878f,json,writing-task-tabular,1745930450805,1745930456084,5.279,4,5
5d30dfa68b1523000134878f,json,modifying-task-tabular-1,1745930617960,1745930622837,4.877,2,6
5d30dfa68b1523000134878f,json,modifying-task-tabular-2,1745930733596,1745930736261,2.665,1,7
5d30dfa68b1523000134878f,json,modifying-task-tabular-3,1745930845242,1745930848797,3.555,2,6
5d30dfa68b1523000134878f,json,modifying-task-tabular-4,1745931226957,1745931232832,5.875,4,5
671a519900a99ebc15a67672,yaml,writing-task-NL,1746388640149,1746388652915,12.766,3,6
671a519900a99ebc15a67672,yaml,reading-task-tabular-1,1746389417605,1746389431928,14.323,1,7
671a519900a99ebc15a67672,yaml,reading-task-tabular-2,1746389549466,1746389556891,7.425,4,3
671a519900a99ebc15a67672,yaml,reading-task-tabular-3,1746389706423,1746389714768,8.345,4,5
671a519900a99ebc15a67672,yaml,reading-task-tabular-4,1746389803737,1746389810561,6.824,7,7
671a519900a99ebc15a67672,yaml,reading-task-tabular-5,1746389921783,1746389934591,12.808,3,6
671a519900a99ebc15a67672,yaml,writing-task-tabular,1746391776359,1746391786891,10.532,3,6
671a519900a99ebc15a67672,yaml,modifying-task-tabular-1,1746392647059,1746392657353,10.294,1,7
671a519900a99ebc15a67672,yaml,modifying-task-tabular-2,1746392999468,1746393007220,7.752,1,5
671a519900a99ebc15a67672,yaml,modifying-task-tabular-3,1746393779022,1746393791168,12.146,5,4
671a519900a99ebc15a67672,yaml,modifying-task-tabular-4,1746394522609,1746394535751,13.142,6,4
672ca6c0324ac26cdc0dd298,json5,writing-task-NL,1746522739368,1746522749059,9.691,4,7
672ca6c0324ac26cdc0dd298,json5,reading-task-tabular-1,1746523018416,1746523027110,8.694,6,7
672ca6c0324ac26cdc0dd298,json5,reading-task-tabular-2,1746523085267,1746523095626,10.359,2,7
672ca6c0324ac26cdc0dd298,json5,reading-task-tabular-3,1746523145733,1746523155469,9.736,1,7
672ca6c0324ac26cdc0dd298,json5,reading-task-tabular-4,1746523244519,1746523254237,9.718,5,7
672ca6c0324ac26cdc0dd298,json5,reading-task-tabular-5,1746523363366,1746523368615,5.249,7,1
672ca6c0324ac26cdc0dd298,json5,writing-task-tabular,1746524056917,1746524064879,7.962,7,1
672ca6c0324ac26cdc0dd298,json5,modifying-task-tabular-1,1746524259090,1746524267280,8.19,5,7
672ca6c0324ac26cdc0dd298,json5,modifying-task-tabular-2,1746524481753,1746524488614,6.861,4,7
672ca6c0324ac26cdc0dd298,json5,modifying-task-tabular-3,1746524542206,1746524548086,5.88,1,7
672ca6c0324ac26cdc0dd298,json5,modifying-task-tabular-4,1746524794928,1746524803101,8.173,7,1
67d7fa657f5ac0292a291a38,hjson,writing-task-NL,1746144327145,1746144336536,9.391,1,7
67d7fa657f5ac0292a291a38,hjson,reading-task-tabular-1,1746145111715,1746145122486,10.771,1,7
67d7fa657f5ac0292a291a38,hjson,reading-task-tabular-2,1746145283620,1746145294134,10.514,1,7
67d7fa657f5ac0292a291a38,hjson,reading-task-tabular-3,1746145398507,1746145406936,8.429,1,7
67d7fa657f5ac0292a291a38,hjson,reading-task-tabular-4,1746145550108,1746145556847,6.739,1,7
67d7fa657f5ac0292a291a38,hjson,reading-task-tabular-5,1746145776343,1746145784424,8.081,1,7
67d7fa657f5ac0292a291a38,hjson,writing-task-tabular,1746146419665,1746146426541,6.876,4,7
67d7fa657f5ac0292a291a38,hjson,modifying-task-tabular-1,1746146498916,1746146507133,8.217,5,7
67d7fa657f5ac0292a291a38,hjson,modifying-task-tabular-2,1746146531706,1746146538483,6.777,3,7
67d7fa657f5ac0292a291a38,hjson,modifying-task-tabular-3,1746146639036,1746146646430,7.394,3,7
67d7fa657f5ac0292a291a38,hjson,modifying-task-tabular-4,1746146715273,1746146722016,6.743,5,7
677d185800ab83d1b0185d82,jsonc,writing-task-NL,1746148408516,1746148423042,14.526,2,6
677d185800ab83d1b0185d82,jsonc,reading-task-tabular-1,1746149308213,1746149319603,11.39,4,6
677d185800ab83d1b0185d82,jsonc,reading-task-tabular-2,1746149487660,1746149501325,13.665,4,4
677d185800ab83d1b0185d82,jsonc,reading-task-tabular-3,1746149593589,1746149603204,9.615,4,4
677d185800ab83d1b0185d82,jsonc,reading-task-tabular-4,1746149698104,1746149714025,15.921,3,5
677d185800ab83d1b0185d82,jsonc,reading-task-tabular-5,1746149948750,1746149959585,10.835,2,3
677d185800ab83d1b0185d82,jsonc,writing-task-tabular,1746151194904,1746151206636,11.732,7,3
677d185800ab83d1b0185d82,jsonc,modifying-task-tabular-1,1746151438744,1746151448201,9.457,6,5
677d185800ab83d1b0185d82,jsonc,modifying-task-tabular-2,1746151474704,1746151494329,19.625,7,2
677d185800ab83d1b0185d82,jsonc,modifying-task-tabular-3,1746151536639,1746151555591,18.952,5,4
677d185800ab83d1b0185d82,jsonc,modifying-task-tabular-4,1746151575000,1746151584207,9.207,4,6
5b68c9eb87af310001584803,json5,writing-task-NL,1746383518489,1746383523368,4.879,2,7
5b68c9eb87af310001584803,json5,reading-task-tabular-1,1746383825786,1746383830368,4.582,1,7
5b68c9eb87af310001584803,json5,reading-task-tabular-2,1746383881145,1746383886344,5.199,2,7
5b68c9eb87af310001584803,json5,reading-task-tabular-3,1746383924258,1746383932055,7.797,1,7
5b68c9eb87af310001584803,json5,reading-task-tabular-4,1746383963956,1746383968680,4.724,1,7
5b68c9eb87af310001584803,json5,reading-task-tabular-5,1746384007324,1746384012032,4.708,1,7
5b68c9eb87af310001584803,json5,writing-task-tabular,1746384293199,1746384297896,4.697,6,3
5b68c9eb87af310001584803,json5,modifying-task-tabular-1,1746384519288,1746384524192,4.904,3,6
5b68c9eb87af310001584803,json5,modifying-task-tabular-2,1746384635988,1746384639848,3.86,3,7
5b68c9eb87af310001584803,json5,modifying-task-tabular-3,1746384703629,1746384708008,4.379,1,7
5b68c9eb87af310001584803,json5,modifying-task-tabular-4,1746384715825,1746384719817,3.992,7,2
6784ff2095dd9b97e969b01f,jsonc,writing-task-NL,1746389609558,1746389622307,12.749,2,5
6784ff2095dd9b97e969b01f,jsonc,reading-task-tabular-1,1746390536586,1746390546305,9.719,1,6
6784ff2095dd9b97e969b01f,jsonc,reading-task-tabular-2,1746390718413,1746390723720,5.307,1,6
6784ff2095dd9b97e969b01f,jsonc,reading-task-tabular-3,1746390817131,1746390824089,6.958,2,5
6784ff2095dd9b97e969b01f,jsonc,reading-task-tabular-4,1746390867623,1746390873489,5.866,1,7
6784ff2095dd9b97e969b01f,jsonc,reading-task-tabular-5,1746390943720,1746390951177,7.457,4,3
6784ff2095dd9b97e969b01f,jsonc,writing-task-tabular,1746391664363,1746391673898,9.535,6,2
6784ff2095dd9b97e969b01f,jsonc,modifying-task-tabular-1,1746391965329,1746391972709,7.38,3,5
6784ff2095dd9b97e969b01f,jsonc,modifying-task-tabular-2,1746392134849,1746392141376,6.527,3,5
6784ff2095dd9b97e969b01f,jsonc,modifying-task-tabular-3,1746392219379,1746392227348,7.969,3,4
6784ff2095dd9b97e969b01f,jsonc,modifying-task-tabular-4,1746392443141,1746392451499,8.358,4,5
67eff2b1a264260e948a4d14,xml,writing-task-NL,1746389095486,1746389106846,11.36,5,6
67eff2b1a264260e948a4d14,xml,reading-task-tabular-1,1746390228779,1746390237207,8.428,7,1
67eff2b1a264260e948a4d14,xml,reading-task-tabular-2,1746390420454,1746390427558,7.104,2,7
67eff2b1a264260e948a4d14,xml,reading-task-tabular-3,1746390473230,1746390477503,4.273,1,7
67eff2b1a264260e948a4d14,xml,reading-task-tabular-4,1746390525324,1746390528575,3.251,1,7
67eff2b1a264260e948a4d14,xml,reading-task-tabular-5,1746390585394,1746390588203,2.809,1,7
67eff2b1a264260e948a4d14,xml,writing-task-tabular,1746391647822,1746391655427,7.605,7,1
67eff2b1a264260e948a4d14,xml,modifying-task-tabular-1,1746392136416,1746392142708,6.292,7,1
67eff2b1a264260e948a4d14,xml,modifying-task-tabular-2,1746392381841,1746392389667,7.826,1,7
67eff2b1a264260e948a4d14,xml,modifying-task-tabular-3,1746392513690,1746392517924,4.234,1,7
67eff2b1a264260e948a4d14,xml,modifying-task-tabular-4,1746392748343,1746392754737,6.394,1,7
5ecc71c95c92c2000a9e9a19,jsonc,writing-task-NL,1746231260798,1746231266268,5.47,1,7
5ecc71c95c92c2000a9e9a19,jsonc,reading-task-tabular-1,1746231712598,1746231716404,3.806,1,7
5ecc71c95c92c2000a9e9a19,jsonc,reading-task-tabular-2,1746231758807,1746231761492,2.685,1,7
5ecc71c95c92c2000a9e9a19,jsonc,reading-task-tabular-3,1746231794347,1746231796411,2.064,1,7
5ecc71c95c92c2000a9e9a19,jsonc,reading-task-tabular-4,1746231836736,1746231838628,1.892,1,7
5ecc71c95c92c2000a9e9a19,jsonc,reading-task-tabular-5,1746231886671,1746231888651,1.98,1,7
5ecc71c95c92c2000a9e9a19,jsonc,writing-task-tabular,1746232554773,1746232558331,3.558,7,1
5ecc71c95c92c2000a9e9a19,jsonc,modifying-task-tabular-1,1746232631072,1746232633147,2.075,1,7
5ecc71c95c92c2000a9e9a19,jsonc,modifying-task-tabular-2,1746232708203,1746232710019,1.816,1,7
5ecc71c95c92c2000a9e9a19,jsonc,modifying-task-tabular-3,1746232800244,1746232803715,3.471,2,6
5ecc71c95c92c2000a9e9a19,jsonc,modifying-task-tabular-4,1746233270447,1746233273114,2.667,7,1
61267b828ead584bcf092e35,hjson,writing-task-NL,1746232828798,1746232843855,15.057,1,7
61267b828ead584bcf092e35,hjson,reading-task-tabular-1,1746234389865,1746234397935,8.07,1,7
61267b828ead584bcf092e35,hjson,reading-task-tabular-2,1746234490133,1746234494869,4.736,1,7
61267b828ead584bcf092e35,hjson,reading-task-tabular-3,1746234546887,1746234551370,4.483,1,7
61267b828ead584bcf092e35,hjson,reading-task-tabular-4,1746234609588,1746234615487,5.899,1,7
61267b828ead584bcf092e35,hjson,reading-task-tabular-5,1746234812691,1746234817886,5.195,2,7
61267b828ead584bcf092e35,hjson,writing-task-tabular,1746236456222,1746236464752,8.53,6,7
61267b828ead584bcf092e35,hjson,modifying-task-tabular-1,1746236743786,1746236753254,9.468,3,7
61267b828ead584bcf092e35,hjson,modifying-task-tabular-2,1746236836140,1746236841305,5.165,1,7
61267b828ead584bcf092e35,hjson,modifying-task-tabular-3,1746236923836,1746236938540,14.704,4,3
61267b828ead584bcf092e35,hjson,modifying-task-tabular-4,1746237166623,1746237173859,7.236,7,7
6501c0a2e788b5556c24569d,xml,writing-task-NL,1746526247754,1746526257501,9.747,4,6
6501c0a2e788b5556c24569d,xml,reading-task-tabular-1,1746526603623,1746526611257,7.634,6,6
6501c0a2e788b5556c24569d,xml,reading-task-tabular-2,1746526644357,1746526650381,6.024,5,6
6501c0a2e788b5556c24569d,xml,reading-task-tabular-3,1746526675904,1746526682595,6.691,6,6
6501c0a2e788b5556c24569d,xml,reading-task-tabular-4,1746526702079,1746526706545,4.466,6,6
6501c0a2e788b5556c24569d,xml,reading-task-tabular-5,1746526726510,1746526732884,6.374,6,6
6501c0a2e788b5556c24569d,xml,writing-task-tabular,1746527081045,1746527089723,8.678,6,5
6501c0a2e788b5556c24569d,xml,modifying-task-tabular-1,1746527241249,1746527249116,7.867,5,5
6501c0a2e788b5556c24569d,xml,modifying-task-tabular-2,1746527328116,1746527333247,5.131,6,6
6501c0a2e788b5556c24569d,xml,modifying-task-tabular-3,1746527401754,1746527408910,7.156,6,6
6501c0a2e788b5556c24569d,xml,modifying-task-tabular-4,1746527790442,1746527794284,3.842,6,6
637d8ca00150ac6e71a34ec9,yaml,writing-task-NL,1746143649169,1746143660439,11.27,1,7
637d8ca00150ac6e71a34ec9,yaml,reading-task-tabular-1,1746144333297,1746144348086,14.789,6,2
637d8ca00150ac6e71a34ec9,yaml,reading-task-tabular-2,1746144418782,1746144429771,10.989,1,7
637d8ca00150ac6e71a34ec9,yaml,reading-task-tabular-3,1746144454306,1746144461140,6.834,1,7
637d8ca00150ac6e71a34ec9,yaml,reading-task-tabular-4,1746144495468,1746144500118,4.65,1,7
637d8ca00150ac6e71a34ec9,yaml,reading-task-tabular-5,1746144631753,1746144644659,12.906,3,6
637d8ca00150ac6e71a34ec9,yaml,writing-task-tabular,1746145110486,1746145118937,8.451,7,1
637d8ca00150ac6e71a34ec9,yaml,modifying-task-tabular-1,1746145498563,1746145505462,6.899,7,1
637d8ca00150ac6e71a34ec9,yaml,modifying-task-tabular-2,1746145601290,1746145608919,7.629,2,6
637d8ca00150ac6e71a34ec9,yaml,modifying-task-tabular-3,1746146175236,1746146183009,7.773,7,1
637d8ca00150ac6e71a34ec9,yaml,modifying-task-tabular-4,1746147223723,1746147231135,7.412,7,1
67cb01a82dda2577eb6ee320,json,writing-task-NL,1746391813075,1746391829591,16.516,2,6
67cb01a82dda2577eb6ee320,json,reading-task-tabular-1,1746393747716,1746393753914,6.198,3,6
67cb01a82dda2577eb6ee320,json,reading-task-tabular-2,1746393828511,1746393832700,4.189,2,6
67cb01a82dda2577eb6ee320,json,reading-task-tabular-3,1746393923623,1746393926703,3.08,2,6
67cb01a82dda2577eb6ee320,json,reading-task-tabular-4,1746393991136,1746393994877,3.741,2,7
67cb01a82dda2577eb6ee320,json,reading-task-tabular-5,1746394121661,1746394124034,2.373,2,7
67cb01a82dda2577eb6ee320,json,writing-task-tabular,1746395165266,1746395172438,7.172,2,6
67cb01a82dda2577eb6ee320,json,modifying-task-tabular-1,1746395512635,1746395517525,4.89,2,6
67cb01a82dda2577eb6ee320,json,modifying-task-tabular-2,1746395743465,1746395749056,5.591,2,6
67cb01a82dda2577eb6ee320,json,modifying-task-tabular-3,1746396197571,1746396200285,2.714,2,6
67cb01a82dda2577eb6ee320,json,modifying-task-tabular-4,1746397116210,1746397121961,5.751,2,6
67e17bac09359e09118892b4,json5,writing-task-NL,1746146428846,1746146445986,17.14,7,3
67e17bac09359e09118892b4,json5,reading-task-tabular-1,1746146734826,1746146740913,6.087,1,1
67e17bac09359e09118892b4,json5,reading-task-tabular-2,1746146814996,1746146817955,2.959,1,1
67e17bac09359e09118892b4,json5,reading-task-tabular-3,1746146893912,1746146900527,6.615,4,4
67e17bac09359e09118892b4,json5,reading-task-tabular-4,1746147119464,1746147124095,4.631,1,1
67e17bac09359e09118892b4,json5,reading-task-tabular-5,1746147238827,1746147247181,8.354,6,2
67e17bac09359e09118892b4,json5,writing-task-tabular,1746147645094,1746147654303,9.209,1,2
67e17bac09359e09118892b4,json5,modifying-task-tabular-1,1746147809969,1746147815804,5.835,7,7
67e17bac09359e09118892b4,json5,modifying-task-tabular-2,1746147839702,1746147845115,5.413,1,1
67e17bac09359e09118892b4,json5,modifying-task-tabular-3,1746147879448,1746147882620,3.172,1,1
67e17bac09359e09118892b4,json5,modifying-task-tabular-4,1746148275984,1746148284291,8.307,5,5
6606b31155457e4f162ecf5a,json5,writing-task-NL,1746547658573,1746547668478,9.905,3,7
6606b31155457e4f162ecf5a,json5,reading-task-tabular-1,1746548127887,1746548136542,8.655,2,7
6606b31155457e4f162ecf5a,json5,reading-task-tabular-2,1746548214766,1746548219167,4.401,3,7
6606b31155457e4f162ecf5a,json5,reading-task-tabular-3,1746548271562,1746548276501,4.939,4,7
6606b31155457e4f162ecf5a,json5,reading-task-tabular-4,1746548345894,1746548353401,7.507,2,7
6606b31155457e4f162ecf5a,json5,reading-task-tabular-5,1746548441298,1746548445827,4.529,3,7
6606b31155457e4f162ecf5a,json5,writing-task-tabular,1746549116049,1746549123370,7.321,6,7
6606b31155457e4f162ecf5a,json5,modifying-task-tabular-1,1746549311480,1746549316374,4.894,4,6
6606b31155457e4f162ecf5a,json5,modifying-task-tabular-2,1746549433624,1746549437927,4.303,5,7
6606b31155457e4f162ecf5a,json5,modifying-task-tabular-3,1746549581457,1746549586629,5.172,3,7
6606b31155457e4f162ecf5a,json5,modifying-task-tabular-4,1746549858373,1746549863266,4.893,6,7
63e5b3e89a3823139cb9d35e,toml,writing-task-NL,1746549809508,1746549815585,6.077,1,7
63e5b3e89a3823139cb9d35e,toml,reading-task-tabular-1,1746550535435,1746550540775,5.34,5,4
63e5b3e89a3823139cb9d35e,toml,reading-task-tabular-2,1746550602301,1746550606415,4.114,2,6
63e5b3e89a3823139cb9d35e,toml,reading-task-tabular-3,1746550703929,1746550706543,2.614,6,6
63e5b3e89a3823139cb9d35e,toml,reading-task-tabular-4,1746550752994,1746550756063,3.069,7,7
63e5b3e89a3823139cb9d35e,toml,reading-task-tabular-5,1746550870109,1746550874630,4.521,6,6
63e5b3e89a3823139cb9d35e,toml,writing-task-tabular,1746551497640,1746551502925,5.285,6,7
63e5b3e89a3823139cb9d35e,toml,modifying-task-tabular-1,1746551659440,1746551670052,10.612,6,5
63e5b3e89a3823139cb9d35e,toml,modifying-task-tabular-2,1746551846294,1746551850484,4.19,1,7
63e5b3e89a3823139cb9d35e,toml,modifying-task-tabular-3,1746551931891,1746551935708,3.817,1,7
63e5b3e89a3823139cb9d35e,toml,modifying-task-tabular-4,1746552057566,1746552061027,3.461,4,4
66bb6b7e0ccbed81f3ed30a8,xml,writing-task-NL,1746383659911,1746383670314,10.403,4,2
66bb6b7e0ccbed81f3ed30a8,xml,reading-task-tabular-1,1746384104237,1746384110778,6.541,7,1
66bb6b7e0ccbed81f3ed30a8,xml,reading-task-tabular-2,1746384183383,1746384190770,7.387,6,2
66bb6b7e0ccbed81f3ed30a8,xml,reading-task-tabular-3,1746384225102,1746384229386,4.284,6,2
66bb6b7e0ccbed81f3ed30a8,xml,reading-task-tabular-4,1746384264599,1746384272506,7.907,3,5
66bb6b7e0ccbed81f3ed30a8,xml,reading-task-tabular-5,1746384343792,1746384348618,4.826,7,1
66bb6b7e0ccbed81f3ed30a8,xml,writing-task-tabular,1746385123513,1746385129002,5.489,7,1
66bb6b7e0ccbed81f3ed30a8,xml,modifying-task-tabular-1,1746385293829,1746385297770,3.941,5,3
66bb6b7e0ccbed81f3ed30a8,xml,modifying-task-tabular-2,1746385426952,1746385433674,6.722,6,2
66bb6b7e0ccbed81f3ed30a8,xml,modifying-task-tabular-3,1746385503285,1746385506697,3.412,7,1
66bb6b7e0ccbed81f3ed30a8,xml,modifying-task-tabular-4,1746385634165,1746385638658,4.493,7,1
6753746b1f8827e2bd586bf0,xml,writing-task-NL,1746383756288,1746383765860,9.572,1,7
6753746b1f8827e2bd586bf0,xml,reading-task-tabular-1,1746384063667,1746384070831,7.164,1,7
6753746b1f8827e2bd586bf0,xml,reading-task-tabular-2,1746384118354,1746384123644,5.29,3,6
6753746b1f8827e2bd586bf0,xml,reading-task-tabular-3,1746384257809,1746384265275,7.466,7,1
6753746b1f8827e2bd586bf0,xml,reading-task-tabular-4,1746384329304,1746384335238,5.934,1,7
6753746b1f8827e2bd586bf0,xml,reading-task-tabular-5,1746384426131,1746384432349,6.218,5,1
6753746b1f8827e2bd586bf0,xml,writing-task-tabular,1746384915617,1746384922310,6.693,7,1
6753746b1f8827e2bd586bf0,xml,modifying-task-tabular-1,1746385137200,1746385144657,7.457,6,3
6753746b1f8827e2bd586bf0,xml,modifying-task-tabular-2,1746385339283,1746385344593,5.31,6,6
6753746b1f8827e2bd586bf0,xml,modifying-task-tabular-3,1746385543041,1746385548210,5.169,3,2
6753746b1f8827e2bd586bf0,xml,modifying-task-tabular-4,1746385652233,1746385657724,5.491,7,1
67cd944859dabbd1d4552d39,json,writing-task-NL,1746384084618,1746384094202,9.584,2,7
67cd944859dabbd1d4552d39,json,reading-task-tabular-1,1746384819595,1746384828822,9.227,6,7
67cd944859dabbd1d4552d39,json,reading-task-tabular-2,1746384937561,1746384945562,8.001,3,6
67cd944859dabbd1d4552d39,json,reading-task-tabular-3,1746385020558,1746385026891,6.333,3,6
67cd944859dabbd1d4552d39,json,reading-task-tabular-4,1746385097124,1746385100433,3.309,1,7
67cd944859dabbd1d4552d39,json,reading-task-tabular-5,1746385164697,1746385167376,2.679,1,7
67cd944859dabbd1d4552d39,json,writing-task-tabular,1746385955125,1746385962072,6.947,5,5
67cd944859dabbd1d4552d39,json,modifying-task-tabular-1,1746386136945,1746386142376,5.431,2,6
67cd944859dabbd1d4552d39,json,modifying-task-tabular-2,1746386301132,1746386304502,3.37,2,6
67cd944859dabbd1d4552d39,json,modifying-task-tabular-3,1746386379973,1746386384418,4.445,2,6
67cd944859dabbd1d4552d39,json,modifying-task-tabular-4,1746386688967,1746386698236,9.269,5,3
57c357770e6a1f00015f6038,json,writing-task-NL,1746383458812,1746383464412,5.6,1,7
57c357770e6a1f00015f6038,json,reading-task-tabular-1,1746384131676,1746384139301,7.625,5,7
57c357770e6a1f00015f6038,json,reading-task-tabular-2,1746384176945,1746384180251,3.306,6,7
57c357770e6a1f00015f6038,json,reading-task-tabular-3,1746384192337,1746384196250,3.913,6,7
57c357770e6a1f00015f6038,json,reading-task-tabular-4,1746384216338,1746384220717,4.379,3,7
57c357770e6a1f00015f6038,json,reading-task-tabular-5,1746384242502,1746384246651,4.149,3,7
57c357770e6a1f00015f6038,json,writing-task-tabular,1746384851306,1746384859919,8.613,7,3
57c357770e6a1f00015f6038,json,modifying-task-tabular-1,1746384951543,1746384958651,7.108,6,4
57c357770e6a1f00015f6038,json,modifying-task-tabular-2,1746385031057,1746385034959,3.902,5,4
57c357770e6a1f00015f6038,json,modifying-task-tabular-3,1746385071798,1746385077018,5.22,6,2
57c357770e6a1f00015f6038,json,modifying-task-tabular-4,1746385103668,1746385107898,4.23,7,1
67d188bcc201cc08eac23f92,json5,writing-task-NL,1746145189638,1746145198177,8.539,1,7
67d188bcc201cc08eac23f92,json5,reading-task-tabular-1,1746145794171,1746145802041,7.87,4,7
67d188bcc201cc08eac23f92,json5,reading-task-tabular-2,1746145871630,1746145880148,8.518,4,7
67d188bcc201cc08eac23f92,json5,reading-task-tabular-3,1746146052443,1746146059107,6.664,4,7
67d188bcc201cc08eac23f92,json5,reading-task-tabular-4,1746146110228,1746146120806,10.578,4,6
67d188bcc201cc08eac23f92,json5,reading-task-tabular-5,1746146179604,1746146185574,5.97,7,6
67d188bcc201cc08eac23f92,json5,writing-task-tabular,1746146896501,1746146903530,7.029,7,4
67d188bcc201cc08eac23f92,json5,modifying-task-tabular-1,1746147311101,1746147317197,6.096,7,5
67d188bcc201cc08eac23f92,json5,modifying-task-tabular-2,1746147438952,1746147446351,7.399,6,7
67d188bcc201cc08eac23f92,json5,modifying-task-tabular-3,1746147557704,1746147563625,5.921,6,5
67d188bcc201cc08eac23f92,json5,modifying-task-tabular-4,1746147776702,1746147784181,7.479,7,3
67f3619e16d4ca195fbd1bd0,yaml,writing-task-NL,1746159806026,1746159815788,9.762,3,6
67f3619e16d4ca195fbd1bd0,yaml,reading-task-tabular-1,1746160289827,1746160299913,10.086,3,7
67f3619e16d4ca195fbd1bd0,yaml,reading-task-tabular-2,1746160356706,1746160360827,4.121,2,7
67f3619e16d4ca195fbd1bd0,yaml,reading-task-tabular-3,1746160435116,1746160441597,6.481,2,7
67f3619e16d4ca195fbd1bd0,yaml,reading-task-tabular-4,1746160655728,1746160660632,4.904,3,7
67f3619e16d4ca195fbd1bd0,yaml,reading-task-tabular-5,1746160788650,1746160792444,3.794,2,7
67f3619e16d4ca195fbd1bd0,yaml,writing-task-tabular,1746161292355,1746161299030,6.675,4,7
67f3619e16d4ca195fbd1bd0,yaml,modifying-task-tabular-1,1746161448597,1746161454701,6.104,1,7
67f3619e16d4ca195fbd1bd0,yaml,modifying-task-tabular-2,1746161675713,1746161680965,5.252,1,7
67f3619e16d4ca195fbd1bd0,yaml,modifying-task-tabular-3,1746161919777,1746161925245,5.468,2,7
67f3619e16d4ca195fbd1bd0,yaml,modifying-task-tabular-4,1746162876928,1746162883819,6.891,4,7
66781db404eab5e142f849d9,jsonc,writing-task-NL,1746497000425,1746497013099,12.674,1,6
66781db404eab5e142f849d9,jsonc,reading-task-tabular-1,1746497840643,1746497873595,32.952,3,2
66781db404eab5e142f849d9,jsonc,reading-task-tabular-2,1746498021244,1746498028012,6.768,3,5
66781db404eab5e142f849d9,jsonc,reading-task-tabular-3,1746498062095,1746498069843,7.748,2,6
66781db404eab5e142f849d9,jsonc,reading-task-tabular-4,1746498113789,1746498120288,6.499,1,7
66781db404eab5e142f849d9,jsonc,reading-task-tabular-5,1746498253461,1746498262565,9.104,2,6
66781db404eab5e142f849d9,jsonc,writing-task-tabular,1746499418045,1746499430055,12.01,6,3
66781db404eab5e142f849d9,jsonc,modifying-task-tabular-1,1746499735222,1746499744739,9.517,3,5
66781db404eab5e142f849d9,jsonc,modifying-task-tabular-2,1746499895182,1746499901339,6.157,1,7
66781db404eab5e142f849d9,jsonc,modifying-task-tabular-3,1746500128882,1746500134647,5.765,2,6
66781db404eab5e142f849d9,jsonc,modifying-task-tabular-4,1746500530146,1746500535682,5.536,3,2
667c2175b570aa694ce2f63c,toml,writing-task-NL,1746394466624,1746394475839,9.215,2,6
667c2175b570aa694ce2f63c,toml,reading-task-tabular-1,1746395034058,1746395046564,12.506,4,5
667c2175b570aa694ce2f63c,toml,reading-task-tabular-2,1746395106905,1746395113324,6.419,2,6
667c2175b570aa694ce2f63c,toml,reading-task-tabular-3,1746395144179,1746395148556,4.377,2,6
667c2175b570aa694ce2f63c,toml,reading-task-tabular-4,1746395194597,1746395197843,3.246,3,6
667c2175b570aa694ce2f63c,toml,reading-task-tabular-5,1746395304447,1746395309100,4.653,5,6
667c2175b570aa694ce2f63c,toml,writing-task-tabular,1746395859726,1746395869705,9.979,7,1
667c2175b570aa694ce2f63c,toml,modifying-task-tabular-1,1746395983374,1746395995665,12.291,4,6
667c2175b570aa694ce2f63c,toml,modifying-task-tabular-2,1746396094268,1746396099675,5.407,4,6
667c2175b570aa694ce2f63c,toml,modifying-task-tabular-3,1746396177417,1746396182882,5.465,4,6
667c2175b570aa694ce2f63c,toml,modifying-task-tabular-4,1746396438928,1746396443952,5.024,6,6
67d1283c8f6169900d0072d2,yaml,writing-task-NL,1745934307610,1745934324594,16.984,3,6
67d1283c8f6169900d0072d2,yaml,reading-task-tabular-1,1745934808683,1745934818889,10.206,1,7
67d1283c8f6169900d0072d2,yaml,reading-task-tabular-2,1745934930465,1745934939001,8.536,4,5
67d1283c8f6169900d0072d2,yaml,reading-task-tabular-3,1745935040744,1745935050680,9.936,5,2
67d1283c8f6169900d0072d2,yaml,reading-task-tabular-4,1745935118342,1745935122578,4.236,4,4
67d1283c8f6169900d0072d2,yaml,reading-task-tabular-5,1745935156162,1745935161693,5.531,2,7
67d1283c8f6169900d0072d2,yaml,writing-task-tabular,1745935597176,1745935604421,7.245,7,1
67d1283c8f6169900d0072d2,yaml,modifying-task-tabular-1,1745935863783,1745935871651,7.868,6,2
67d1283c8f6169900d0072d2,yaml,modifying-task-tabular-2,1745935994314,1745936002150,7.836,3,3
67d1283c8f6169900d0072d2,yaml,modifying-task-tabular-3,1745936147664,1745936154825,7.161,7,1
67d1283c8f6169900d0072d2,yaml,modifying-task-tabular-4,1745936274809,1745936286894,12.085,4,2
5f29eff59714081a3594a331,json,writing-task-NL,1746143916674,1746143926863,10.189,2,7
5f29eff59714081a3594a331,json,reading-task-tabular-1,1746144513065,1746144525449,12.384,4,6
5f29eff59714081a3594a331,json,reading-task-tabular-2,1746144719044,1746144724700,5.656,1,7
5f29eff59714081a3594a331,json,reading-task-tabular-3,1746144759686,1746144764952,5.266,1,7
5f29eff59714081a3594a331,json,reading-task-tabular-4,1746144827255,1746144839394,12.139,1,7
5f29eff59714081a3594a331,json,reading-task-tabular-5,1746144988087,1746144992737,4.65,2,7
5f29eff59714081a3594a331,json,writing-task-tabular,1746145958997,1746145965884,6.887,6,4
5f29eff59714081a3594a331,json,modifying-task-tabular-1,1746146156470,1746146162850,6.38,4,5
5f29eff59714081a3594a331,json,modifying-task-tabular-2,1746146267937,1746146272729,4.792,2,6
5f29eff59714081a3594a331,json,modifying-task-tabular-3,1746146387112,1746146392510,5.398,2,6
5f29eff59714081a3594a331,json,modifying-task-tabular-4,1746146779996,1746146786935,6.939,4,4
65be552ceed6a0595fa1feb5,json,writing-task-NL,1746383734489,1746383742030,7.541,1,7
65be552ceed6a0595fa1feb5,json,reading-task-tabular-1,1746384271884,1746384279921,8.037,5,5
65be552ceed6a0595fa1feb5,json,reading-task-tabular-2,1746384314092,1746384319286,5.194,3,6
65be552ceed6a0595fa1feb5,json,reading-task-tabular-3,1746384350988,1746384371398,20.41,5,6
65be552ceed6a0595fa1feb5,json,reading-task-tabular-4,1746384416240,1746384421965,5.725,6,3
65be552ceed6a0595fa1feb5,json,reading-task-tabular-5,1746384458114,1746384464875,6.761,6,3
65be552ceed6a0595fa1feb5,json,writing-task-tabular,1746385040736,1746385045403,4.667,7,1
65be552ceed6a0595fa1feb5,json,modifying-task-tabular-1,1746385086169,1746385091065,4.896,1,7
65be552ceed6a0595fa1feb5,json,modifying-task-tabular-2,1746385109714,1746385115250,5.536,1,7
65be552ceed6a0595fa1feb5,json,modifying-task-tabular-3,1746385171842,1746385177543,5.701,3,6
65be552ceed6a0595fa1feb5,json,modifying-task-tabular-4,1746385525659,1746385531395,5.736,6,4
6577a27da9f5297d49f38e6f,hjson,writing-task-NL,1746156112847,1746156126139,13.292,4,5
6577a27da9f5297d49f38e6f,hjson,reading-task-tabular-1,1746156974905,1746156983975,9.07,2,7
6577a27da9f5297d49f38e6f,hjson,reading-task-tabular-2,1746157067997,1746157071763,3.766,3,7
6577a27da9f5297d49f38e6f,hjson,reading-task-tabular-3,1746157102583,1746157105384,2.801,2,7
6577a27da9f5297d49f38e6f,hjson,reading-task-tabular-4,1746157124827,1746157129667,4.84,1,7
6577a27da9f5297d49f38e6f,hjson,reading-task-tabular-5,1746157178715,1746157183139,4.424,3,6
6577a27da9f5297d49f38e6f,hjson,writing-task-tabular,1746158015800,1746158027073,11.273,7,4
6577a27da9f5297d49f38e6f,hjson,modifying-task-tabular-1,1746158153832,1746158161935,8.103,2,6
6577a27da9f5297d49f38e6f,hjson,modifying-task-tabular-2,1746158332651,1746158340017,7.366,2,6
6577a27da9f5297d49f38e6f,hjson,modifying-task-tabular-3,1746158421793,1746158426579,4.786,2,6
6577a27da9f5297d49f38e6f,hjson,modifying-task-tabular-4,1746159435661,1746159445100,9.439,5,5
67eefd0739d752c54dd52686,toml,writing-task-NL,1746149334094,1746149358727,24.633,1,7
67eefd0739d752c54dd52686,toml,reading-task-tabular-1,1746149824474,1746149833398,8.924,1,6
67eefd0739d752c54dd52686,toml,reading-task-tabular-2,1746149978571,1746149982655,4.084,2,6
67eefd0739d752c54dd52686,toml,reading-task-tabular-3,1746150033665,1746150038699,5.034,2,7
67eefd0739d752c54dd52686,toml,reading-task-tabular-4,1746150165445,1746150170146,4.701,2,7
67eefd0739d752c54dd52686,toml,reading-task-tabular-5,1746150248116,1746150254155,6.039,1,7
67eefd0739d752c54dd52686,toml,writing-task-tabular,1746150564072,1746150573758,9.686,4,5
67eefd0739d752c54dd52686,toml,modifying-task-tabular-1,1746150781841,1746150788810,6.969,2,6
67eefd0739d752c54dd52686,toml,modifying-task-tabular-2,1746150887613,1746150894854,7.241,1,6
67eefd0739d752c54dd52686,toml,modifying-task-tabular-3,1746150995715,1746151001978,6.263,2,6
67eefd0739d752c54dd52686,toml,modifying-task-tabular-4,1746151094728,1746151099438,4.71,2,7
67e12acb51605ac16c227598,jsonc,writing-task-NL,1746144133713,1746144148940,15.227,2,7
67e12acb51605ac16c227598,jsonc,reading-task-tabular-1,1746144911683,1746144919268,7.585,7,7
67e12acb51605ac16c227598,jsonc,reading-task-tabular-2,1746145046829,1746145051524,4.695,6,7
67e12acb51605ac16c227598,jsonc,reading-task-tabular-3,1746145107367,1746145111819,4.452,7,6
67e12acb51605ac16c227598,jsonc,reading-task-tabular-4,1746145163920,1746145170749,6.829,5,7
67e12acb51605ac16c227598,jsonc,reading-task-tabular-5,1746145232118,1746145236862,4.744,7,7
67e12acb51605ac16c227598,jsonc,writing-task-tabular,1746147718861,1746147722170,3.309,7,7
67e12acb51605ac16c227598,jsonc,modifying-task-tabular-1,1746147926650,1746147930367,3.717,7,6
67e12acb51605ac16c227598,jsonc,modifying-task-tabular-2,1746147976953,1746147984076,7.123,5,7
67e12acb51605ac16c227598,jsonc,modifying-task-tabular-3,1746148110594,1746148115516,4.922,7,7
67e12acb51605ac16c227598,jsonc,modifying-task-tabular-4,1746148180932,1746148183911,2.979,7,7
67d9788747176969d8d0fa1d,hjson,writing-task-NL,1746384157472,1746384175354,17.882,1,7
67d9788747176969d8d0fa1d,hjson,reading-task-tabular-1,1746385405797,1746385422057,16.26,3,6
67d9788747176969d8d0fa1d,hjson,reading-task-tabular-2,1746385556117,1746385566577,10.46,2,6
67d9788747176969d8d0fa1d,hjson,reading-task-tabular-3,1746385734871,1746385743729,8.858,2,6
67d9788747176969d8d0fa1d,hjson,reading-task-tabular-4,1746385825306,1746385831217,5.911,1,7
67d9788747176969d8d0fa1d,hjson,reading-task-tabular-5,1746385908206,1746385915886,7.68,1,6
67d9788747176969d8d0fa1d,hjson,writing-task-tabular,1746386793542,1746386805105,11.563,6,2
67d9788747176969d8d0fa1d,hjson,modifying-task-tabular-1,1746387502354,1746387511244,8.89,1,7
67d9788747176969d8d0fa1d,hjson,modifying-task-tabular-2,1746387989013,1746387998133,9.12,1,6
67d9788747176969d8d0fa1d,hjson,modifying-task-tabular-3,1746388280842,1746388286745,5.903,3,6
67d9788747176969d8d0fa1d,hjson,modifying-task-tabular-4,1746388700092,1746388706342,6.25,3,5
669a84e18da4349ece0ea67c,xml,writing-task-NL,1746529329791,1746529341935,12.144,1,7
669a84e18da4349ece0ea67c,xml,reading-task-tabular-1,1746529589071,1746529596364,7.293,4,4
669a84e18da4349ece0ea67c,xml,reading-task-tabular-2,1746529651125,1746529674718,23.593,3,5
669a84e18da4349ece0ea67c,xml,reading-task-tabular-3,1746529747360,1746529755182,7.822,3,5
669a84e18da4349ece0ea67c,xml,reading-task-tabular-4,1746529786733,1746529791042,4.309,1,7
669a84e18da4349ece0ea67c,xml,reading-task-tabular-5,1746529907927,1746529913233,5.306,3,5
669a84e18da4349ece0ea67c,xml,writing-task-tabular,1746530284820,1746530291882,7.062,5,4
669a84e18da4349ece0ea67c,xml,modifying-task-tabular-1,1746530634878,1746530642166,7.288,3,5
669a84e18da4349ece0ea67c,xml,modifying-task-tabular-2,1746530783415,1746530787240,3.825,2,6
669a84e18da4349ece0ea67c,xml,modifying-task-tabular-3,1746530859193,1746530863033,3.84,1,7
669a84e18da4349ece0ea67c,xml,modifying-task-tabular-4,1746531204856,1746531209736,4.88,2,6
67d548b5aa5737666a77a6d2,json5,writing-task-NL,1746146081722,1746146112544,30.822,1,7
67d548b5aa5737666a77a6d2,json5,reading-task-tabular-1,1746146954531,1746146980443,25.912,2,7
67d548b5aa5737666a77a6d2,json5,reading-task-tabular-2,1746147076536,1746147085042,8.506,1,7
67d548b5aa5737666a77a6d2,json5,reading-task-tabular-3,1746147209949,1746147216180,6.231,1,7
67d548b5aa5737666a77a6d2,json5,reading-task-tabular-4,1746147329609,1746147334784,5.175,1,7
67d548b5aa5737666a77a6d2,json5,reading-task-tabular-5,1746147457480,1746147463314,5.834,1,7
67d548b5aa5737666a77a6d2,json5,writing-task-tabular,1746148467990,1746148476008,8.018,7,1
67d548b5aa5737666a77a6d2,json5,modifying-task-tabular-1,1746148703629,1746148709508,5.879,1,7
67d548b5aa5737666a77a6d2,json5,modifying-task-tabular-2,1746148922187,1746148928422,6.235,1,7
67d548b5aa5737666a77a6d2,json5,modifying-task-tabular-3,1746149240771,1746149244942,4.171,1,7
67d548b5aa5737666a77a6d2,json5,modifying-task-tabular-4,1746149315190,1746149322256,7.066,7,1
67ab57e88fd0774428bd1f32,xml,writing-task-NL,1746147948813,1746147962490,13.677,4,1
67ab57e88fd0774428bd1f32,xml,reading-task-tabular-1,1746148364913,1746148377093,12.18,6,5
67ab57e88fd0774428bd1f32,xml,reading-task-tabular-2,1746148478328,1746148485747,7.419,5,4
67ab57e88fd0774428bd1f32,xml,reading-task-tabular-3,1746148597318,1746148604732,7.414,4,5
67ab57e88fd0774428bd1f32,xml,reading-task-tabular-4,1746148747188,1746148753096,5.908,5,5
67ab57e88fd0774428bd1f32,xml,reading-task-tabular-5,1746148875435,1746148881017,5.582,6,4
67ab57e88fd0774428bd1f32,xml,writing-task-tabular,1746149955478,1746149960077,4.599,5,4
67ab57e88fd0774428bd1f32,xml,modifying-task-tabular-1,1746150084748,1746150127488,42.74,6,6
67ab57e88fd0774428bd1f32,xml,modifying-task-tabular-2,1746150148713,1746150154742,6.029,5,5
67ab57e88fd0774428bd1f32,xml,modifying-task-tabular-3,1746150681024,1746150685660,4.636,7,7
67ab57e88fd0774428bd1f32,xml,modifying-task-tabular-4,1746151253662,1746151275058,21.396,6,5
667983594f7d5d70a78c6e5a,json,writing-task-NL,1746144193071,1746144208257,15.186,1,7
667983594f7d5d70a78c6e5a,json,reading-task-tabular-1,1746145380804,1746145386155,5.351,1,7
667983594f7d5d70a78c6e5a,json,reading-task-tabular-2,1746145490830,1746145496644,5.814,4,5
667983594f7d5d70a78c6e5a,json,reading-task-tabular-3,1746145529565,1746145533533,3.968,1,7
667983594f7d5d70a78c6e5a,json,reading-task-tabular-4,1746145575976,1746145578611,2.635,1,7
667983594f7d5d70a78c6e5a,json,reading-task-tabular-5,1746145678914,1746145684962,6.048,5,4
667983594f7d5d70a78c6e5a,json,writing-task-tabular,1746146675441,1746146684112,8.671,7,2
667983594f7d5d70a78c6e5a,json,modifying-task-tabular-1,1746147205496,1746147213831,8.335,4,4
667983594f7d5d70a78c6e5a,json,modifying-task-tabular-2,1746147365532,1746147370402,4.87,6,2
667983594f7d5d70a78c6e5a,json,modifying-task-tabular-3,1746147525826,1746147529799,3.973,4,5
667983594f7d5d70a78c6e5a,json,modifying-task-tabular-4,1746147963630,1746147969442,5.812,5,2
67f913a9b5c79e960807c7e3,yaml,writing-task-NL,1745932034968,1745932040165,5.197,1,7
67f913a9b5c79e960807c7e3,yaml,reading-task-tabular-1,1745932773505,1745932781110,7.605,1,7
67f913a9b5c79e960807c7e3,yaml,reading-task-tabular-2,1745932864707,1745932868522,3.815,1,7
67f913a9b5c79e960807c7e3,yaml,reading-task-tabular-3,1745932975552,1745932983493,7.941,2,7
67f913a9b5c79e960807c7e3,yaml,reading-task-tabular-4,1745933067577,1745933076227,8.65,1,7
67f913a9b5c79e960807c7e3,yaml,reading-task-tabular-5,1745933234382,1745933241908,7.526,4,3
67f913a9b5c79e960807c7e3,yaml,writing-task-tabular,1745933869459,1745933877867,8.408,6,2
67f913a9b5c79e960807c7e3,yaml,modifying-task-tabular-1,1745934162459,1745934167299,4.84,5,6
67f913a9b5c79e960807c7e3,yaml,modifying-task-tabular-2,1745934264804,1745934272259,7.455,3,6
67f913a9b5c79e960807c7e3,yaml,modifying-task-tabular-3,1745934472031,1745934478546,6.515,4,5
67f913a9b5c79e960807c7e3,yaml,modifying-task-tabular-4,1745934837526,1745934847755,10.229,6,3
672003022f1b667a20157c45,yaml,writing-task-NL,1745928909616,1745928920357,10.741,1,7
672003022f1b667a20157c45,yaml,reading-task-tabular-1,1745929209011,1745929222066,13.055,3,7
672003022f1b667a20157c45,yaml,reading-task-tabular-2,1745929290722,1745929295239,4.517,1,7
672003022f1b667a20157c45,yaml,reading-task-tabular-3,1745929330856,1745929333528,2.672,1,7
672003022f1b667a20157c45,yaml,reading-task-tabular-4,1745929401567,1745929404875,3.308,1,7
672003022f1b667a20157c45,yaml,reading-task-tabular-5,1745929435949,1745929438669,2.72,1,7
672003022f1b667a20157c45,yaml,writing-task-tabular,1745929719284,1745929725982,6.698,6,2
672003022f1b667a20157c45,yaml,modifying-task-tabular-1,1745929825368,1745929828566,3.198,2,6
672003022f1b667a20157c45,yaml,modifying-task-tabular-2,1745929891760,1745929894759,2.999,1,6
672003022f1b667a20157c45,yaml,modifying-task-tabular-3,1745929984580,1745929987156,2.576,1,7
672003022f1b667a20157c45,yaml,modifying-task-tabular-4,1745930212304,1745930215531,3.227,1,7
671b65fe04c301eb14263ba5,toml,writing-task-NL,1746145739478,1746145751729,12.251,1,7
671b65fe04c301eb14263ba5,toml,reading-task-tabular-1,1746146464315,1746146472046,7.731,2,6
671b65fe04c301eb14263ba5,toml,reading-task-tabular-2,1746146550158,1746146556660,6.502,1,7
671b65fe04c301eb14263ba5,toml,reading-task-tabular-3,1746146600187,1746146608356,8.169,2,7
671b65fe04c301eb14263ba5,toml,reading-task-tabular-4,1746146640824,1746146646279,5.455,1,7
671b65fe04c301eb14263ba5,toml,reading-task-tabular-5,1746146706944,1746146712932,5.988,1,7
671b65fe04c301eb14263ba5,toml,writing-task-tabular,1746147405144,1746147414361,9.217,5,3
671b65fe04c301eb14263ba5,toml,modifying-task-tabular-1,1746147630004,1746147639020,9.016,2,6
671b65fe04c301eb14263ba5,toml,modifying-task-tabular-2,1746147921721,1746147929693,7.972,3,5
671b65fe04c301eb14263ba5,toml,modifying-task-tabular-3,1746148112081,1746148117055,4.974,1,7
671b65fe04c301eb14263ba5,toml,modifying-task-tabular-4,1746148265125,1746148271565,6.44,2,6
6787d648d7b1963c661f9443,json5,writing-task-NL,1746152675810,1746152681309,5.499,2,6
6787d648d7b1963c661f9443,json5,reading-task-tabular-1,1746153406571,1746153410372,3.801,5,4
6787d648d7b1963c661f9443,json5,reading-task-tabular-2,1746153418488,1746153421129,2.641,6,5
6787d648d7b1963c661f9443,json5,reading-task-tabular-3,1746153432201,1746153436166,3.965,4,5
6787d648d7b1963c661f9443,json5,reading-task-tabular-4,1746153479670,1746153485038,5.368,2,6
6787d648d7b1963c661f9443,json5,reading-task-tabular-5,1746153493361,1746153497313,3.952,6,4
6787d648d7b1963c661f9443,json5,writing-task-tabular,1746155660609,1746155665717,5.108,7,5
6787d648d7b1963c661f9443,json5,modifying-task-tabular-1,1746155920656,1746155926037,5.381,6,4
6787d648d7b1963c661f9443,json5,modifying-task-tabular-2,1746155934819,1746155939543,4.724,7,4
6787d648d7b1963c661f9443,json5,modifying-task-tabular-3,1746156040413,1746156045731,5.318,3,5
6787d648d7b1963c661f9443,json5,modifying-task-tabular-4,1746156065946,1746156073692,7.746,7,1
66a9285501ac98053902d481,toml,writing-task-NL,1746383444148,1746383450411,6.263,1,7
66a9285501ac98053902d481,toml,reading-task-tabular-1,1746383777996,1746383781804,3.808,1,7
66a9285501ac98053902d481,toml,reading-task-tabular-2,1746383815343,1746383818446,3.103,1,7
66a9285501ac98053902d481,toml,reading-task-tabular-3,1746383838948,1746383842311,3.363,1,7
66a9285501ac98053902d481,toml,reading-task-tabular-4,1746383865369,1746383867492,2.123,1,7
66a9285501ac98053902d481,toml,reading-task-tabular-5,1746383951303,1746383953904,2.601,1,7
66a9285501ac98053902d481,toml,writing-task-tabular,1746384720889,1746384725412,4.523,4,4
66a9285501ac98053902d481,toml,modifying-task-tabular-1,1746384821944,1746384824074,2.13,1,7
66a9285501ac98053902d481,toml,modifying-task-tabular-2,1746384922035,1746384923863,1.828,1,7
66a9285501ac98053902d481,toml,modifying-task-tabular-3,1746384955583,1746384958893,3.31,1,7
66a9285501ac98053902d481,toml,modifying-task-tabular-4,1746385164227,1746385168532,4.305,2,3
66a662a0a709312db9de01f2,jsonc,writing-task-NL,1746156553523,1746156572046,18.523,3,5
66a662a0a709312db9de01f2,jsonc,reading-task-tabular-1,1746156718798,1746156729795,10.997,5,4
66a662a0a709312db9de01f2,jsonc,reading-task-tabular-2,1746156830915,1746156839104,8.189,5,4
66a662a0a709312db9de01f2,jsonc,reading-task-tabular-3,1746156899762,1746156909628,9.866,7,3
66a662a0a709312db9de01f2,jsonc,reading-task-tabular-4,1746156991593,1746156999836,8.243,2,5
66a662a0a709312db9de01f2,jsonc,reading-task-tabular-5,1746157036496,1746157041373,4.877,4,4
66a662a0a709312db9de01f2,jsonc,writing-task-tabular,1746157357264,1746157377020,19.756,3,4
66a662a0a709312db9de01f2,jsonc,modifying-task-tabular-1,1746157462032,1746157473856,11.824,7,1
66a662a0a709312db9de01f2,jsonc,modifying-task-tabular-2,1746157497029,1746157503466,6.437,4,4
66a662a0a709312db9de01f2,jsonc,modifying-task-tabular-3,1746157661500,1746157681257,19.757,1,7
66a662a0a709312db9de01f2,jsonc,modifying-task-tabular-4,1746157832907,1746157842443,9.536,7,1
66b246951b9aefec80b7158a,json,writing-task-NL,1746230578957,1746230589616,10.659,6,7
66b246951b9aefec80b7158a,json,reading-task-tabular-1,1746231154551,1746231165671,11.12,3,5
66b246951b9aefec80b7158a,json,reading-task-tabular-2,1746231193368,1746231200318,6.95,2,6
66b246951b9aefec80b7158a,json,reading-task-tabular-3,1746231223003,1746231230819,7.816,3,6
66b246951b9aefec80b7158a,json,reading-task-tabular-4,1746231257434,1746231263480,6.046,2,6
66b246951b9aefec80b7158a,json,reading-task-tabular-5,1746231327389,1746231335252,7.863,2,5
66b246951b9aefec80b7158a,json,writing-task-tabular,1746231913640,1746231918739,5.099,7,2
66b246951b9aefec80b7158a,json,modifying-task-tabular-1,1746232008144,1746232015613,7.469,5,4
66b246951b9aefec80b7158a,json,modifying-task-tabular-2,1746232102309,1746232109203,6.894,3,3
66b246951b9aefec80b7158a,json,modifying-task-tabular-3,1746232161753,1746232168865,7.112,3,5
66b246951b9aefec80b7158a,json,modifying-task-tabular-4,1746232493451,1746232500686,7.235,6,3
5d766978f47e6200019a2acf,yaml,writing-task-NL,1745929040669,1745929046743,6.074,1,7
5d766978f47e6200019a2acf,yaml,reading-task-tabular-1,1745929685286,1745929690076,4.79,1,7
5d766978f47e6200019a2acf,yaml,reading-task-tabular-2,1745929740956,1745929745235,4.279,1,7
5d766978f47e6200019a2acf,yaml,reading-task-tabular-3,1745929794433,1745929798012,3.579,1,7
5d766978f47e6200019a2acf,yaml,reading-task-tabular-4,1745929843220,1745929845836,2.616,1,7
5d766978f47e6200019a2acf,yaml,reading-task-tabular-5,1745929970829,1745929985900,15.071,2,7
5d766978f47e6200019a2acf,yaml,writing-task-tabular,1745930387271,1745930413234,25.963,2,4
5d766978f47e6200019a2acf,yaml,modifying-task-tabular-1,1745930629640,1745930637094,7.454,2,5
5d766978f47e6200019a2acf,yaml,modifying-task-tabular-2,1745930745359,1745930754725,9.366,1,7
5d766978f47e6200019a2acf,yaml,modifying-task-tabular-3,1745930910487,1745930917990,7.503,1,6
5d766978f47e6200019a2acf,yaml,modifying-task-tabular-4,1745932017147,1745932029904,12.757,3,4
677d32c679491be18090225b,xml,writing-task-NL,1746488165482,1746488178308,12.826,1,7
677d32c679491be18090225b,xml,reading-task-tabular-1,1746488555581,1746488561962,6.381,1,7
677d32c679491be18090225b,xml,reading-task-tabular-2,1746488668164,1746488674953,6.789,1,7
677d32c679491be18090225b,xml,reading-task-tabular-3,1746488709122,1746488716298,7.176,3,4
677d32c679491be18090225b,xml,reading-task-tabular-4,1746488788563,1746488792887,4.324,1,1
677d32c679491be18090225b,xml,reading-task-tabular-5,1746488874954,1746488888038,13.084,2,5
677d32c679491be18090225b,xml,writing-task-tabular,1746489431384,1746489439076,7.692,5,2
677d32c679491be18090225b,xml,modifying-task-tabular-1,1746489683648,1746489687895,4.247,1,7
677d32c679491be18090225b,xml,modifying-task-tabular-2,1746489883520,1746489893810,10.29,1,7
677d32c679491be18090225b,xml,modifying-task-tabular-3,1746489950170,1746489956041,5.871,3,5
677d32c679491be18090225b,xml,modifying-task-tabular-4,1746490182993,1746490188437,5.444,1,7
67d163e7b7bcc1e9718e01da,json5,writing-task-NL,1745930316314,1745930325265,8.951,7,5
67d163e7b7bcc1e9718e01da,json5,reading-task-tabular-1,1745930625362,1745930635461,10.099,4,6
67d163e7b7bcc1e9718e01da,json5,reading-task-tabular-2,1745930870873,1745930882123,11.25,6,5
67d163e7b7bcc1e9718e01da,json5,reading-task-tabular-3,1745931003229,1745931016475,13.246,6,6
67d163e7b7bcc1e9718e01da,json5,reading-task-tabular-4,1745931214958,1745931246687,31.729,3,7
67d163e7b7bcc1e9718e01da,json5,reading-task-tabular-5,1745931440660,1745931472037,31.377,3,7
67d163e7b7bcc1e9718e01da,json5,writing-task-tabular,1745932834171,1745932844371,10.2,5,6
67d163e7b7bcc1e9718e01da,json5,modifying-task-tabular-1,1745933288959,1745933298059,9.1,4,7
67d163e7b7bcc1e9718e01da,json5,modifying-task-tabular-2,1745933569596,1745933578400,8.804,3,7
67d163e7b7bcc1e9718e01da,json5,modifying-task-tabular-3,1745933731465,1745933744038,12.573,3,7
67d163e7b7bcc1e9718e01da,json5,modifying-task-tabular-4,1745935106628,1745935115587,8.959,5,7
665c5d94303fdf202ac9ded0,toml,writing-task-NL,1747339562253,1747339567447,5.194,1,7
665c5d94303fdf202ac9ded0,toml,reading-task-tabular-1,1747339805260,1747339817319,12.059,1,7
665c5d94303fdf202ac9ded0,toml,reading-task-tabular-2,1747339864346,1747339868806,4.46,2,7
665c5d94303fdf202ac9ded0,toml,reading-task-tabular-3,1747339886680,1747339890053,3.373,1,7
665c5d94303fdf202ac9ded0,toml,reading-task-tabular-4,1747339917205,1747339920287,3.082,1,7
665c5d94303fdf202ac9ded0,toml,reading-task-tabular-5,1747340023124,1747340026233,3.109,2,5
665c5d94303fdf202ac9ded0,toml,writing-task-tabular,1747340374845,1747340378895,4.05,3,5
665c5d94303fdf202ac9ded0,toml,modifying-task-tabular-1,1747340484290,1747340486992,2.702,1,7
665c5d94303fdf202ac9ded0,toml,modifying-task-tabular-2,1747340542385,1747340544842,2.457,1,7
665c5d94303fdf202ac9ded0,toml,modifying-task-tabular-3,1747340604715,1747340607891,3.176,1,6
665c5d94303fdf202ac9ded0,toml,modifying-task-tabular-4,1747340692450,1747340695352,2.902,1,6
67ab650c320eccf6141d4010,jsonc,writing-task-NL,1746144910806,1746144925638,14.832,5,7
67ab650c320eccf6141d4010,jsonc,reading-task-tabular-1,1746145419059,1746145433835,14.776,4,4
67ab650c320eccf6141d4010,jsonc,reading-task-tabular-2,1746145526715,1746145533442,6.727,4,4
67ab650c320eccf6141d4010,jsonc,reading-task-tabular-3,1746145717990,1746145726445,8.455,4,5
67ab650c320eccf6141d4010,jsonc,reading-task-tabular-4,1746145875629,1746145884078,8.449,7,7
67ab650c320eccf6141d4010,jsonc,reading-task-tabular-5,1746146018219,1746146023873,5.654,4,4
67ab650c320eccf6141d4010,jsonc,writing-task-tabular,1746147273259,1746147282833,9.574,6,6
67ab650c320eccf6141d4010,jsonc,modifying-task-tabular-1,1746147383225,1746147391638,8.413,5,5
67ab650c320eccf6141d4010,jsonc,modifying-task-tabular-2,1746147433088,1746147442754,9.666,6,6
67ab650c320eccf6141d4010,jsonc,modifying-task-tabular-3,1746147473797,1746147480817,7.02,2,2
67ab650c320eccf6141d4010,jsonc,modifying-task-tabular-4,1746147493875,1746147500215,6.34,1,1
65fad673a546ab14baf2f8d3,json5,writing-task-NL,1745929134402,1745929146016,11.614,1,6
65fad673a546ab14baf2f8d3,json5,reading-task-tabular-1,1745930211467,1745930221603,10.136,2,6
65fad673a546ab14baf2f8d3,json5,reading-task-tabular-2,1745930262883,1745930269292,6.409,2,6
65fad673a546ab14baf2f8d3,json5,reading-task-tabular-3,1745930297602,1745930305564,7.962,2,5
65fad673a546ab14baf2f8d3,json5,reading-task-tabular-4,1745930353899,1745930359855,5.956,1,6
65fad673a546ab14baf2f8d3,json5,reading-task-tabular-5,1745930421307,1745930426683,5.376,2,6
65fad673a546ab14baf2f8d3,json5,writing-task-tabular,1745931203344,1745931212723,9.379,5,4
65fad673a546ab14baf2f8d3,json5,modifying-task-tabular-1,1745931360639,1745931367874,7.235,3,5
65fad673a546ab14baf2f8d3,json5,modifying-task-tabular-2,1745931476318,1745931482470,6.152,3,6
65fad673a546ab14baf2f8d3,json5,modifying-task-tabular-3,1745931705115,1745931714436,9.321,5,4
65fad673a546ab14baf2f8d3,json5,modifying-task-tabular-4,1745932099557,1745932105919,6.362,4,5
67f1c7bd6f1c4a3d8deae02f,toml,writing-task-NL,1746143826427,1746143838704,12.277,1,7
67f1c7bd6f1c4a3d8deae02f,toml,reading-task-tabular-1,1746144591508,1746144604249,12.741,3,7
67f1c7bd6f1c4a3d8deae02f,toml,reading-task-tabular-2,1746144676466,1746144684497,8.031,1,7
67f1c7bd6f1c4a3d8deae02f,toml,reading-task-tabular-3,1746144903275,1746144908967,5.692,1,7
67f1c7bd6f1c4a3d8deae02f,toml,reading-task-tabular-4,1746144963378,1746144972921,9.543,1,7
67f1c7bd6f1c4a3d8deae02f,toml,reading-task-tabular-5,1746145044026,1746145051533,7.507,2,7
67f1c7bd6f1c4a3d8deae02f,toml,writing-task-tabular,1746145551118,1746145558823,7.705,1,7
67f1c7bd6f1c4a3d8deae02f,toml,modifying-task-tabular-1,1746145985591,1746145993083,7.492,3,7
67f1c7bd6f1c4a3d8deae02f,toml,modifying-task-tabular-2,1746146181123,1746146186783,5.66,1,7
67f1c7bd6f1c4a3d8deae02f,toml,modifying-task-tabular-3,1746146491682,1746146497175,5.493,1,7
67f1c7bd6f1c4a3d8deae02f,toml,modifying-task-tabular-4,1746146627320,1746146632540,5.22,1,7
67adb27bd5f5776fcb16da62,hjson,writing-task-NL,1746144615564,1746144626072,10.508,1,7
67adb27bd5f5776fcb16da62,hjson,reading-task-tabular-1,1746145615510,1746145624138,8.628,1,7
67adb27bd5f5776fcb16da62,hjson,reading-task-tabular-2,1746145765008,1746145775017,10.009,1,6
67adb27bd5f5776fcb16da62,hjson,reading-task-tabular-3,1746145871250,1746145879354,8.104,1,7
67adb27bd5f5776fcb16da62,hjson,reading-task-tabular-4,1746145965429,1746145973508,8.079,1,7
67adb27bd5f5776fcb16da62,hjson,reading-task-tabular-5,1746146228860,1746146238381,9.521,1,7
67adb27bd5f5776fcb16da62,hjson,writing-task-tabular,1746146765439,1746146787422,21.983,5,3
67adb27bd5f5776fcb16da62,hjson,modifying-task-tabular-1,1746147085054,1746147096748,11.694,1,7
67adb27bd5f5776fcb16da62,hjson,modifying-task-tabular-2,1746147261437,1746147292982,31.545,1,6
67adb27bd5f5776fcb16da62,hjson,modifying-task-tabular-3,1746147364596,1746147371563,6.967,1,3
67adb27bd5f5776fcb16da62,hjson,modifying-task-tabular-4,1746147499078,1746147508751,9.673,6,1
6675c40cdc52b37294f0514e,hjson,writing-task-NL,1746232347278,1746232355188,7.91,4,5
6675c40cdc52b37294f0514e,hjson,reading-task-tabular-1,1746233901886,1746233907086,5.2,1,7
6675c40cdc52b37294f0514e,hjson,reading-task-tabular-2,1746233960319,1746233966574,6.255,1,7
6675c40cdc52b37294f0514e,hjson,reading-task-tabular-3,1746233996159,1746234000741,4.582,1,6
6675c40cdc52b37294f0514e,hjson,reading-task-tabular-4,1746234202776,1746234212235,9.459,2,6
6675c40cdc52b37294f0514e,hjson,reading-task-tabular-5,1746234418931,1746234427053,8.122,6,2
6675c40cdc52b37294f0514e,hjson,writing-task-tabular,1746235258159,1746235267565,9.406,5,4
6675c40cdc52b37294f0514e,hjson,modifying-task-tabular-1,1746235543504,1746235551355,7.851,2,6
6675c40cdc52b37294f0514e,hjson,modifying-task-tabular-2,1746235644408,1746235649351,4.943,2,6
6675c40cdc52b37294f0514e,hjson,modifying-task-tabular-3,1746235723188,1746235729374,6.186,7,1
6675c40cdc52b37294f0514e,hjson,modifying-task-tabular-4,1746235939448,1746235944746,5.298,7,1
